name,n,k,count,selected_prefill_backend,selected_decode_backend,selected_total_ms,selected_prefill_ms,selected_decode_ms,selected_conversion_ms,reason
language_model.layers.0.linear_attn.out_proj,1024,2048,1,dense_bf16,dense_bf16,1.148008,0.395976,0.023501,0.0,
language_model.layers.0.linear_attn.in_proj_qkv,6144,1024,1,dense_bf16,dense_bf16,2.021442427091361,1.0328753493285683,0.030892721180087266,0.0,
language_model.layers.0.linear_attn.in_proj_z,2048,1024,1,dense_bf16,dense_bf16,1.116002,0.356002,0.02375,0.0,
language_model.layers.0.linear_attn.in_proj_b,16,1024,1,dense_bf16,dense_bf16,0.795353,0.026553,0.024024999999999998,0.0,
language_model.layers.0.linear_attn.in_proj_a,16,1024,1,dense_bf16,dense_bf16,0.795353,0.026553,0.024024999999999998,0.0,
language_model.layers.0.mlp.gate_proj,3584,1024,1,dense_bf16,dense_bf16,1.4952412574697334,0.613691238684386,0.027548438087042104,0.0,
language_model.layers.0.mlp.up_proj,3584,1024,1,dense_bf16,dense_bf16,1.4952412574697334,0.613691238684386,0.027548438087042104,0.0,
language_model.layers.0.mlp.down_proj,1024,3584,1,dense_bf16,dense_bf16,1.5533038614631773,0.6584719146989862,0.02796349833638097,0.0,
language_model.layers.1.linear_attn.out_proj,1024,2048,1,dense_bf16,dense_bf16,1.148008,0.395976,0.023501,0.0,
language_model.layers.1.linear_attn.in_proj_qkv,6144,1024,1,dense_bf16,dense_bf16,2.021442427091361,1.0328753493285683,0.030892721180087266,0.0,
language_model.layers.1.linear_attn.in_proj_z,2048,1024,1,dense_bf16,dense_bf16,1.116002,0.356002,0.02375,0.0,
language_model.layers.1.linear_attn.in_proj_b,16,1024,1,dense_bf16,dense_bf16,0.795353,0.026553,0.024024999999999998,0.0,
language_model.layers.1.linear_attn.in_proj_a,16,1024,1,dense_bf16,dense_bf16,0.795353,0.026553,0.024024999999999998,0.0,
language_model.layers.1.mlp.gate_proj,3584,1024,1,dense_bf16,dense_bf16,1.4952412574697334,0.613691238684386,0.027548438087042104,0.0,
language_model.layers.1.mlp.up_proj,3584,1024,1,dense_bf16,dense_bf16,1.4952412574697334,0.613691238684386,0.027548438087042104,0.0,
language_model.layers.1.mlp.down_proj,1024,3584,1,dense_bf16,dense_bf16,1.5533038614631773,0.6584719146989862,0.02796349833638097,0.0,
language_model.layers.2.linear_attn.out_proj,1024,2048,1,dense_bf16,dense_bf16,1.148008,0.395976,0.023501,0.0,
language_model.layers.2.linear_attn.in_proj_qkv,6144,1024,1,dense_bf16,dense_bf16,2.021442427091361,1.0328753493285683,0.030892721180087266,0.0,
language_model.layers.2.linear_attn.in_proj_z,2048,1024,1,dense_bf16,dense_bf16,1.116002,0.356002,0.02375,0.0,
language_model.layers.2.linear_attn.in_proj_b,16,1024,1,dense_bf16,dense_bf16,0.795353,0.026553,0.024024999999999998,0.0,
language_model.layers.2.linear_attn.in_proj_a,16,1024,1,dense_bf16,dense_bf16,0.795353,0.026553,0.024024999999999998,0.0,
language_model.layers.2.mlp.gate_proj,3584,1024,1,dense_bf16,dense_bf16,1.4952412574697334,0.613691238684386,0.027548438087042104,0.0,
language_model.layers.2.mlp.up_proj,3584,1024,1,dense_bf16,dense_bf16,1.4952412574697334,0.613691238684386,0.027548438087042104,0.0,
language_model.layers.2.mlp.down_proj,1024,3584,1,dense_bf16,dense_bf16,1.5533038614631773,0.6584719146989862,0.02796349833638097,0.0,
language_model.layers.3.self_attn.q_proj,4096,1024,1,dense_bf16,dense_bf16,1.4374289999999998,0.646629,0.0247125,0.0,
language_model.layers.3.self_attn.k_proj,512,1024,1,dense_bf16,dense_bf16,0.87427,0.113502,0.023774,0.0,
language_model.layers.3.self_attn.v_proj,512,1024,1,dense_bf16,dense_bf16,0.87427,0.113502,0.023774,0.0,
language_model.layers.3.self_attn.o_proj,1024,2048,1,dense_bf16,dense_bf16,1.148008,0.395976,0.023501,0.0,
language_model.layers.3.mlp.gate_proj,3584,1024,1,dense_bf16,dense_bf16,1.4952412574697334,0.613691238684386,0.027548438087042104,0.0,
language_model.layers.3.mlp.up_proj,3584,1024,1,dense_bf16,dense_bf16,1.4952412574697334,0.613691238684386,0.027548438087042104,0.0,
language_model.layers.3.mlp.down_proj,1024,3584,1,dense_bf16,dense_bf16,1.5533038614631773,0.6584719146989862,0.02796349833638097,0.0,
language_model.layers.4.linear_attn.out_proj,1024,2048,1,dense_bf16,dense_bf16,1.148008,0.395976,0.023501,0.0,
language_model.layers.4.linear_attn.in_proj_qkv,6144,1024,1,dense_bf16,dense_bf16,2.021442427091361,1.0328753493285683,0.030892721180087266,0.0,
language_model.layers.4.linear_attn.in_proj_z,2048,1024,1,dense_bf16,dense_bf16,1.116002,0.356002,0.02375,0.0,
language_model.layers.4.linear_attn.in_proj_b,16,1024,1,dense_bf16,dense_bf16,0.795353,0.026553,0.024024999999999998,0.0,
language_model.layers.4.linear_attn.in_proj_a,16,1024,1,dense_bf16,dense_bf16,0.795353,0.026553,0.024024999999999998,0.0,
language_model.layers.4.mlp.gate_proj,3584,1024,1,dense_bf16,dense_bf16,1.4952412574697334,0.613691238684386,0.027548438087042104,0.0,
language_model.layers.4.mlp.up_proj,3584,1024,1,dense_bf16,dense_bf16,1.4952412574697334,0.613691238684386,0.027548438087042104,0.0,
language_model.layers.4.mlp.down_proj,1024,3584,1,dense_bf16,dense_bf16,1.5533038614631773,0.6584719146989862,0.02796349833638097,0.0,
language_model.layers.5.linear_attn.out_proj,1024,2048,1,dense_bf16,dense_bf16,1.148008,0.395976,0.023501,0.0,
language_model.layers.5.linear_attn.in_proj_qkv,6144,1024,1,dense_bf16,dense_bf16,2.021442427091361,1.0328753493285683,0.030892721180087266,0.0,
language_model.layers.5.linear_attn.in_proj_z,2048,1024,1,dense_bf16,dense_bf16,1.116002,0.356002,0.02375,0.0,
language_model.layers.5.linear_attn.in_proj_b,16,1024,1,dense_bf16,dense_bf16,0.795353,0.026553,0.024024999999999998,0.0,
language_model.layers.5.linear_attn.in_proj_a,16,1024,1,dense_bf16,dense_bf16,0.795353,0.026553,0.024024999999999998,0.0,
language_model.layers.5.mlp.gate_proj,3584,1024,1,dense_bf16,dense_bf16,1.4952412574697334,0.613691238684386,0.027548438087042104,0.0,
language_model.layers.5.mlp.up_proj,3584,1024,1,dense_bf16,dense_bf16,1.4952412574697334,0.613691238684386,0.027548438087042104,0.0,
language_model.layers.5.mlp.down_proj,1024,3584,1,dense_bf16,dense_bf16,1.5533038614631773,0.6584719146989862,0.02796349833638097,0.0,
language_model.layers.6.linear_attn.out_proj,1024,2048,1,dense_bf16,dense_bf16,1.148008,0.395976,0.023501,0.0,
language_model.layers.6.linear_attn.in_proj_qkv,6144,1024,1,dense_bf16,dense_bf16,2.021442427091361,1.0328753493285683,0.030892721180087266,0.0,
language_model.layers.6.linear_attn.in_proj_z,2048,1024,1,dense_bf16,dense_bf16,1.116002,0.356002,0.02375,0.0,
language_model.layers.6.linear_attn.in_proj_b,16,1024,1,dense_bf16,dense_bf16,0.795353,0.026553,0.024024999999999998,0.0,
language_model.layers.6.linear_attn.in_proj_a,16,1024,1,dense_bf16,dense_bf16,0.795353,0.026553,0.024024999999999998,0.0,
language_model.layers.6.mlp.gate_proj,3584,1024,1,dense_bf16,dense_bf16,1.4952412574697334,0.613691238684386,0.027548438087042104,0.0,
language_model.layers.6.mlp.up_proj,3584,1024,1,dense_bf16,dense_bf16,1.4952412574697334,0.613691238684386,0.027548438087042104,0.0,
language_model.layers.6.mlp.down_proj,1024,3584,1,dense_bf16,dense_bf16,1.5533038614631773,0.6584719146989862,0.02796349833638097,0.0,
language_model.layers.7.self_attn.q_proj,4096,1024,1,dense_bf16,dense_bf16,1.4374289999999998,0.646629,0.0247125,0.0,
language_model.layers.7.self_attn.k_proj,512,1024,1,dense_bf16,dense_bf16,0.87427,0.113502,0.023774,0.0,
language_model.layers.7.self_attn.v_proj,512,1024,1,dense_bf16,dense_bf16,0.87427,0.113502,0.023774,0.0,
language_model.layers.7.self_attn.o_proj,1024,2048,1,dense_bf16,dense_bf16,1.148008,0.395976,0.023501,0.0,
language_model.layers.7.mlp.gate_proj,3584,1024,1,dense_bf16,dense_bf16,1.4952412574697334,0.613691238684386,0.027548438087042104,0.0,
language_model.layers.7.mlp.up_proj,3584,1024,1,dense_bf16,dense_bf16,1.4952412574697334,0.613691238684386,0.027548438087042104,0.0,
language_model.layers.7.mlp.down_proj,1024,3584,1,dense_bf16,dense_bf16,1.5533038614631773,0.6584719146989862,0.02796349833638097,0.0,
language_model.layers.8.linear_attn.out_proj,1024,2048,1,dense_bf16,dense_bf16,1.148008,0.395976,0.023501,0.0,
language_model.layers.8.linear_attn.in_proj_qkv,6144,1024,1,dense_bf16,dense_bf16,2.021442427091361,1.0328753493285683,0.030892721180087266,0.0,
language_model.layers.8.linear_attn.in_proj_z,2048,1024,1,dense_bf16,dense_bf16,1.116002,0.356002,0.02375,0.0,
language_model.layers.8.linear_attn.in_proj_b,16,1024,1,dense_bf16,dense_bf16,0.795353,0.026553,0.024024999999999998,0.0,
language_model.layers.8.linear_attn.in_proj_a,16,1024,1,dense_bf16,dense_bf16,0.795353,0.026553,0.024024999999999998,0.0,
language_model.layers.8.mlp.gate_proj,3584,1024,1,dense_bf16,dense_bf16,1.4952412574697334,0.613691238684386,0.027548438087042104,0.0,
language_model.layers.8.mlp.up_proj,3584,1024,1,dense_bf16,dense_bf16,1.4952412574697334,0.613691238684386,0.027548438087042104,0.0,
language_model.layers.8.mlp.down_proj,1024,3584,1,dense_bf16,dense_bf16,1.5533038614631773,0.6584719146989862,0.02796349833638097,0.0,
language_model.layers.9.linear_attn.out_proj,1024,2048,1,dense_bf16,dense_bf16,1.148008,0.395976,0.023501,0.0,
language_model.layers.9.linear_attn.in_proj_qkv,6144,1024,1,dense_bf16,dense_bf16,2.021442427091361,1.0328753493285683,0.030892721180087266,0.0,
language_model.layers.9.linear_attn.in_proj_z,2048,1024,1,dense_bf16,dense_bf16,1.116002,0.356002,0.02375,0.0,
language_model.layers.9.linear_attn.in_proj_b,16,1024,1,dense_bf16,dense_bf16,0.795353,0.026553,0.024024999999999998,0.0,
language_model.layers.9.linear_attn.in_proj_a,16,1024,1,dense_bf16,dense_bf16,0.795353,0.026553,0.024024999999999998,0.0,
language_model.layers.9.mlp.gate_proj,3584,1024,1,dense_bf16,dense_bf16,1.4952412574697334,0.613691238684386,0.027548438087042104,0.0,
language_model.layers.9.mlp.up_proj,3584,1024,1,dense_bf16,dense_bf16,1.4952412574697334,0.613691238684386,0.027548438087042104,0.0,
language_model.layers.9.mlp.down_proj,1024,3584,1,dense_bf16,dense_bf16,1.5533038614631773,0.6584719146989862,0.02796349833638097,0.0,
language_model.layers.10.linear_attn.out_proj,1024,2048,1,dense_bf16,dense_bf16,1.148008,0.395976,0.023501,0.0,
language_model.layers.10.linear_attn.in_proj_qkv,6144,1024,1,dense_bf16,dense_bf16,2.021442427091361,1.0328753493285683,0.030892721180087266,0.0,
language_model.layers.10.linear_attn.in_proj_z,2048,1024,1,dense_bf16,dense_bf16,1.116002,0.356002,0.02375,0.0,
language_model.layers.10.linear_attn.in_proj_b,16,1024,1,dense_bf16,dense_bf16,0.795353,0.026553,0.024024999999999998,0.0,
language_model.layers.10.linear_attn.in_proj_a,16,1024,1,dense_bf16,dense_bf16,0.795353,0.026553,0.024024999999999998,0.0,
language_model.layers.10.mlp.gate_proj,3584,1024,1,dense_bf16,dense_bf16,1.4952412574697334,0.613691238684386,0.027548438087042104,0.0,
language_model.layers.10.mlp.up_proj,3584,1024,1,dense_bf16,dense_bf16,1.4952412574697334,0.613691238684386,0.027548438087042104,0.0,
language_model.layers.10.mlp.down_proj,1024,3584,1,dense_bf16,dense_bf16,1.5533038614631773,0.6584719146989862,0.02796349833638097,0.0,
language_model.layers.11.self_attn.q_proj,4096,1024,1,dense_bf16,dense_bf16,1.4374289999999998,0.646629,0.0247125,0.0,
language_model.layers.11.self_attn.k_proj,512,1024,1,dense_bf16,dense_bf16,0.87427,0.113502,0.023774,0.0,
language_model.layers.11.self_attn.v_proj,512,1024,1,dense_bf16,dense_bf16,0.87427,0.113502,0.023774,0.0,
language_model.layers.11.self_attn.o_proj,1024,2048,1,dense_bf16,dense_bf16,1.148008,0.395976,0.023501,0.0,
language_model.layers.11.mlp.gate_proj,3584,1024,1,dense_bf16,dense_bf16,1.4952412574697334,0.613691238684386,0.027548438087042104,0.0,
language_model.layers.11.mlp.up_proj,3584,1024,1,dense_bf16,dense_bf16,1.4952412574697334,0.613691238684386,0.027548438087042104,0.0,
language_model.layers.11.mlp.down_proj,1024,3584,1,dense_bf16,dense_bf16,1.5533038614631773,0.6584719146989862,0.02796349833638097,0.0,
language_model.layers.12.linear_attn.out_proj,1024,2048,1,dense_bf16,dense_bf16,1.148008,0.395976,0.023501,0.0,
language_model.layers.12.linear_attn.in_proj_qkv,6144,1024,1,dense_bf16,dense_bf16,2.021442427091361,1.0328753493285683,0.030892721180087266,0.0,
language_model.layers.12.linear_attn.in_proj_z,2048,1024,1,dense_bf16,dense_bf16,1.116002,0.356002,0.02375,0.0,
language_model.layers.12.linear_attn.in_proj_b,16,1024,1,dense_bf16,dense_bf16,0.795353,0.026553,0.024024999999999998,0.0,
language_model.layers.12.linear_attn.in_proj_a,16,1024,1,dense_bf16,dense_bf16,0.795353,0.026553,0.024024999999999998,0.0,
language_model.layers.12.mlp.gate_proj,3584,1024,1,dense_bf16,dense_bf16,1.4952412574697334,0.613691238684386,0.027548438087042104,0.0,
language_model.layers.12.mlp.up_proj,3584,1024,1,dense_bf16,dense_bf16,1.4952412574697334,0.613691238684386,0.027548438087042104,0.0,
language_model.layers.12.mlp.down_proj,1024,3584,1,dense_bf16,dense_bf16,1.5533038614631773,0.6584719146989862,0.02796349833638097,0.0,
language_model.layers.13.linear_attn.out_proj,1024,2048,1,dense_bf16,dense_bf16,1.148008,0.395976,0.023501,0.0,
language_model.layers.13.linear_attn.in_proj_qkv,6144,1024,1,dense_bf16,dense_bf16,2.021442427091361,1.0328753493285683,0.030892721180087266,0.0,
language_model.layers.13.linear_attn.in_proj_z,2048,1024,1,dense_bf16,dense_bf16,1.116002,0.356002,0.02375,0.0,
language_model.layers.13.linear_attn.in_proj_b,16,1024,1,dense_bf16,dense_bf16,0.795353,0.026553,0.024024999999999998,0.0,
language_model.layers.13.linear_attn.in_proj_a,16,1024,1,dense_bf16,dense_bf16,0.795353,0.026553,0.024024999999999998,0.0,
language_model.layers.13.mlp.gate_proj,3584,1024,1,dense_bf16,dense_bf16,1.4952412574697334,0.613691238684386,0.027548438087042104,0.0,
language_model.layers.13.mlp.up_proj,3584,1024,1,dense_bf16,dense_bf16,1.4952412574697334,0.613691238684386,0.027548438087042104,0.0,
language_model.layers.13.mlp.down_proj,1024,3584,1,dense_bf16,dense_bf16,1.5533038614631773,0.6584719146989862,0.02796349833638097,0.0,
language_model.layers.14.linear_attn.out_proj,1024,2048,1,dense_bf16,dense_bf16,1.148008,0.395976,0.023501,0.0,
language_model.layers.14.linear_attn.in_proj_qkv,6144,1024,1,dense_bf16,dense_bf16,2.021442427091361,1.0328753493285683,0.030892721180087266,0.0,
language_model.layers.14.linear_attn.in_proj_z,2048,1024,1,dense_bf16,dense_bf16,1.116002,0.356002,0.02375,0.0,
language_model.layers.14.linear_attn.in_proj_b,16,1024,1,dense_bf16,dense_bf16,0.795353,0.026553,0.024024999999999998,0.0,
language_model.layers.14.linear_attn.in_proj_a,16,1024,1,dense_bf16,dense_bf16,0.795353,0.026553,0.024024999999999998,0.0,
language_model.layers.14.mlp.gate_proj,3584,1024,1,dense_bf16,dense_bf16,1.4952412574697334,0.613691238684386,0.027548438087042104,0.0,
language_model.layers.14.mlp.up_proj,3584,1024,1,dense_bf16,dense_bf16,1.4952412574697334,0.613691238684386,0.027548438087042104,0.0,
language_model.layers.14.mlp.down_proj,1024,3584,1,dense_bf16,dense_bf16,1.5533038614631773,0.6584719146989862,0.02796349833638097,0.0,
language_model.layers.15.self_attn.q_proj,4096,1024,1,dense_bf16,dense_bf16,1.4374289999999998,0.646629,0.0247125,0.0,
language_model.layers.15.self_attn.k_proj,512,1024,1,dense_bf16,dense_bf16,0.87427,0.113502,0.023774,0.0,
language_model.layers.15.self_attn.v_proj,512,1024,1,dense_bf16,dense_bf16,0.87427,0.113502,0.023774,0.0,
language_model.layers.15.self_attn.o_proj,1024,2048,1,dense_bf16,dense_bf16,1.148008,0.395976,0.023501,0.0,
language_model.layers.15.mlp.gate_proj,3584,1024,1,dense_bf16,dense_bf16,1.4952412574697334,0.613691238684386,0.027548438087042104,0.0,
language_model.layers.15.mlp.up_proj,3584,1024,1,dense_bf16,dense_bf16,1.4952412574697334,0.613691238684386,0.027548438087042104,0.0,
language_model.layers.15.mlp.down_proj,1024,3584,1,dense_bf16,dense_bf16,1.5533038614631773,0.6584719146989862,0.02796349833638097,0.0,
language_model.layers.16.linear_attn.out_proj,1024,2048,1,dense_bf16,dense_bf16,1.148008,0.395976,0.023501,0.0,
language_model.layers.16.linear_attn.in_proj_qkv,6144,1024,1,dense_bf16,dense_bf16,2.021442427091361,1.0328753493285683,0.030892721180087266,0.0,
language_model.layers.16.linear_attn.in_proj_z,2048,1024,1,dense_bf16,dense_bf16,1.116002,0.356002,0.02375,0.0,
language_model.layers.16.linear_attn.in_proj_b,16,1024,1,dense_bf16,dense_bf16,0.795353,0.026553,0.024024999999999998,0.0,
language_model.layers.16.linear_attn.in_proj_a,16,1024,1,dense_bf16,dense_bf16,0.795353,0.026553,0.024024999999999998,0.0,
language_model.layers.16.mlp.gate_proj,3584,1024,1,dense_bf16,dense_bf16,1.4952412574697334,0.613691238684386,0.027548438087042104,0.0,
language_model.layers.16.mlp.up_proj,3584,1024,1,dense_bf16,dense_bf16,1.4952412574697334,0.613691238684386,0.027548438087042104,0.0,
language_model.layers.16.mlp.down_proj,1024,3584,1,dense_bf16,dense_bf16,1.5533038614631773,0.6584719146989862,0.02796349833638097,0.0,
language_model.layers.17.linear_attn.out_proj,1024,2048,1,dense_bf16,dense_bf16,1.148008,0.395976,0.023501,0.0,
language_model.layers.17.linear_attn.in_proj_qkv,6144,1024,1,dense_bf16,dense_bf16,2.021442427091361,1.0328753493285683,0.030892721180087266,0.0,
language_model.layers.17.linear_attn.in_proj_z,2048,1024,1,dense_bf16,dense_bf16,1.116002,0.356002,0.02375,0.0,
language_model.layers.17.linear_attn.in_proj_b,16,1024,1,dense_bf16,dense_bf16,0.795353,0.026553,0.024024999999999998,0.0,
language_model.layers.17.linear_attn.in_proj_a,16,1024,1,dense_bf16,dense_bf16,0.795353,0.026553,0.024024999999999998,0.0,
language_model.layers.17.mlp.gate_proj,3584,1024,1,dense_bf16,dense_bf16,1.4952412574697334,0.613691238684386,0.027548438087042104,0.0,
language_model.layers.17.mlp.up_proj,3584,1024,1,dense_bf16,dense_bf16,1.4952412574697334,0.613691238684386,0.027548438087042104,0.0,
language_model.layers.17.mlp.down_proj,1024,3584,1,dense_bf16,dense_bf16,1.5533038614631773,0.6584719146989862,0.02796349833638097,0.0,
language_model.layers.18.linear_attn.out_proj,1024,2048,1,dense_bf16,dense_bf16,1.148008,0.395976,0.023501,0.0,
language_model.layers.18.linear_attn.in_proj_qkv,6144,1024,1,dense_bf16,dense_bf16,2.021442427091361,1.0328753493285683,0.030892721180087266,0.0,
language_model.layers.18.linear_attn.in_proj_z,2048,1024,1,dense_bf16,dense_bf16,1.116002,0.356002,0.02375,0.0,
language_model.layers.18.linear_attn.in_proj_b,16,1024,1,dense_bf16,dense_bf16,0.795353,0.026553,0.024024999999999998,0.0,
language_model.layers.18.linear_attn.in_proj_a,16,1024,1,dense_bf16,dense_bf16,0.795353,0.026553,0.024024999999999998,0.0,
language_model.layers.18.mlp.gate_proj,3584,1024,1,dense_bf16,dense_bf16,1.4952412574697334,0.613691238684386,0.027548438087042104,0.0,
language_model.layers.18.mlp.up_proj,3584,1024,1,dense_bf16,dense_bf16,1.4952412574697334,0.613691238684386,0.027548438087042104,0.0,
language_model.layers.18.mlp.down_proj,1024,3584,1,dense_bf16,dense_bf16,1.5533038614631773,0.6584719146989862,0.02796349833638097,0.0,
language_model.layers.19.self_attn.q_proj,4096,1024,1,dense_bf16,dense_bf16,1.4374289999999998,0.646629,0.0247125,0.0,
language_model.layers.19.self_attn.k_proj,512,1024,1,dense_bf16,dense_bf16,0.87427,0.113502,0.023774,0.0,
language_model.layers.19.self_attn.v_proj,512,1024,1,dense_bf16,dense_bf16,0.87427,0.113502,0.023774,0.0,
language_model.layers.19.self_attn.o_proj,1024,2048,1,dense_bf16,dense_bf16,1.148008,0.395976,0.023501,0.0,
language_model.layers.19.mlp.gate_proj,3584,1024,1,dense_bf16,dense_bf16,1.4952412574697334,0.613691238684386,0.027548438087042104,0.0,
language_model.layers.19.mlp.up_proj,3584,1024,1,dense_bf16,dense_bf16,1.4952412574697334,0.613691238684386,0.027548438087042104,0.0,
language_model.layers.19.mlp.down_proj,1024,3584,1,dense_bf16,dense_bf16,1.5533038614631773,0.6584719146989862,0.02796349833638097,0.0,
language_model.layers.20.linear_attn.out_proj,1024,2048,1,dense_bf16,dense_bf16,1.148008,0.395976,0.023501,0.0,
language_model.layers.20.linear_attn.in_proj_qkv,6144,1024,1,dense_bf16,dense_bf16,2.021442427091361,1.0328753493285683,0.030892721180087266,0.0,
language_model.layers.20.linear_attn.in_proj_z,2048,1024,1,dense_bf16,dense_bf16,1.116002,0.356002,0.02375,0.0,
language_model.layers.20.linear_attn.in_proj_b,16,1024,1,dense_bf16,dense_bf16,0.795353,0.026553,0.024024999999999998,0.0,
language_model.layers.20.linear_attn.in_proj_a,16,1024,1,dense_bf16,dense_bf16,0.795353,0.026553,0.024024999999999998,0.0,
language_model.layers.20.mlp.gate_proj,3584,1024,1,dense_bf16,dense_bf16,1.4952412574697334,0.613691238684386,0.027548438087042104,0.0,
language_model.layers.20.mlp.up_proj,3584,1024,1,dense_bf16,dense_bf16,1.4952412574697334,0.613691238684386,0.027548438087042104,0.0,
language_model.layers.20.mlp.down_proj,1024,3584,1,dense_bf16,dense_bf16,1.5533038614631773,0.6584719146989862,0.02796349833638097,0.0,
language_model.layers.21.linear_attn.out_proj,1024,2048,1,dense_bf16,dense_bf16,1.148008,0.395976,0.023501,0.0,
language_model.layers.21.linear_attn.in_proj_qkv,6144,1024,1,dense_bf16,dense_bf16,2.021442427091361,1.0328753493285683,0.030892721180087266,0.0,
language_model.layers.21.linear_attn.in_proj_z,2048,1024,1,dense_bf16,dense_bf16,1.116002,0.356002,0.02375,0.0,
language_model.layers.21.linear_attn.in_proj_b,16,1024,1,dense_bf16,dense_bf16,0.795353,0.026553,0.024024999999999998,0.0,
language_model.layers.21.linear_attn.in_proj_a,16,1024,1,dense_bf16,dense_bf16,0.795353,0.026553,0.024024999999999998,0.0,
language_model.layers.21.mlp.gate_proj,3584,1024,1,dense_bf16,dense_bf16,1.4952412574697334,0.613691238684386,0.027548438087042104,0.0,
language_model.layers.21.mlp.up_proj,3584,1024,1,dense_bf16,dense_bf16,1.4952412574697334,0.613691238684386,0.027548438087042104,0.0,
language_model.layers.21.mlp.down_proj,1024,3584,1,dense_bf16,dense_bf16,1.5533038614631773,0.6584719146989862,0.02796349833638097,0.0,
language_model.layers.22.linear_attn.out_proj,1024,2048,1,dense_bf16,dense_bf16,1.148008,0.395976,0.023501,0.0,
language_model.layers.22.linear_attn.in_proj_qkv,6144,1024,1,dense_bf16,dense_bf16,2.021442427091361,1.0328753493285683,0.030892721180087266,0.0,
language_model.layers.22.linear_attn.in_proj_z,2048,1024,1,dense_bf16,dense_bf16,1.116002,0.356002,0.02375,0.0,
language_model.layers.22.linear_attn.in_proj_b,16,1024,1,dense_bf16,dense_bf16,0.795353,0.026553,0.024024999999999998,0.0,
language_model.layers.22.linear_attn.in_proj_a,16,1024,1,dense_bf16,dense_bf16,0.795353,0.026553,0.024024999999999998,0.0,
language_model.layers.22.mlp.gate_proj,3584,1024,1,dense_bf16,dense_bf16,1.4952412574697334,0.613691238684386,0.027548438087042104,0.0,
language_model.layers.22.mlp.up_proj,3584,1024,1,dense_bf16,dense_bf16,1.4952412574697334,0.613691238684386,0.027548438087042104,0.0,
language_model.layers.22.mlp.down_proj,1024,3584,1,dense_bf16,dense_bf16,1.5533038614631773,0.6584719146989862,0.02796349833638097,0.0,
language_model.layers.23.self_attn.q_proj,4096,1024,1,dense_bf16,dense_bf16,1.4374289999999998,0.646629,0.0247125,0.0,
language_model.layers.23.self_attn.k_proj,512,1024,1,dense_bf16,dense_bf16,0.87427,0.113502,0.023774,0.0,
language_model.layers.23.self_attn.v_proj,512,1024,1,dense_bf16,dense_bf16,0.87427,0.113502,0.023774,0.0,
language_model.layers.23.self_attn.o_proj,1024,2048,1,dense_bf16,dense_bf16,1.148008,0.395976,0.023501,0.0,
language_model.layers.23.mlp.gate_proj,3584,1024,1,dense_bf16,dense_bf16,1.4952412574697334,0.613691238684386,0.027548438087042104,0.0,
language_model.layers.23.mlp.up_proj,3584,1024,1,dense_bf16,dense_bf16,1.4952412574697334,0.613691238684386,0.027548438087042104,0.0,
language_model.layers.23.mlp.down_proj,1024,3584,1,dense_bf16,dense_bf16,1.5533038614631773,0.6584719146989862,0.02796349833638097,0.0,
