module_index,module_name,layer,layer_bucket,module_type,module_family,in_features,out_features,numel,weight_mean,weight_std,weight_abs_mean,weight_abs_max,weight_outlier_ratio_6x,weight_row_norm_mean,weight_row_norm_max,weight_col_norm_mean,weight_col_norm_max,activation_mean,activation_std,activation_abs_mean,activation_abs_max,activation_outlier_ratio_6x_weight_mean
1,model.layers.0.self_attn.q_proj,0,layers_00_07,q_proj,attention,4096,4096,16777216,1.40632266720786e-07,0.01866932027041912,0.010390120558440685,0.74609375,0.01457899808883667,1.1073201894760132,4.003367900848389,0.9184780120849609,5.654656887054443,0.0015194224833976477,0.13211083093516784,0.04684348241426051,6.8125,0.1727198362350464
2,model.layers.0.self_attn.k_proj,0,layers_00_07,k_proj,attention,4096,1024,4194304,-9.069694897334557e-06,0.02693898044526577,0.015319198369979858,0.69921875,0.01374363899230957,1.6192221641540527,4.223666191101074,0.6641868948936462,5.15325927734375,0.0015194224833976477,0.13211083093516784,0.04684348241426051,6.8125,0.12821081280708313
3,model.layers.0.self_attn.v_proj,0,layers_00_07,v_proj,attention,4096,1024,4194304,-2.8345416467345785e-06,0.007224599830806255,0.004989572800695896,0.06103515625,0.001828908920288086,0.4576519727706909,0.7084967494010925,0.2048325389623642,0.36504459381103516,0.0015194224833976477,0.13211083093516784,0.04684348241426051,6.8125,0.29378071427345276
4,model.layers.0.self_attn.o_proj,0,layers_00_07,o_proj,attention,4096,4096,16777216,6.681953124143547e-08,0.008338166400790215,0.006350980140268803,0.462890625,0.0007484555244445801,0.5275951623916626,2.6172776222229004,0.5210481882095337,0.9845048189163208,0.00020343141432022094,0.010809095335050829,0.0050127795548178256,0.4375,0.013631641864776611
5,model.layers.0.mlp.gate_proj,0,layers_00_07,gate_proj,mlp,4096,14336,58720256,7.5198590820946265e-06,0.01280402671545744,0.010077373124659061,0.59765625,0.0002545799652580172,0.8149641156196594,2.9050443172454834,1.5290035009384155,2.070150375366211,0.00028256375395585565,0.09405638947101713,0.07097861124202609,1.6484375,0.4650718867778778
6,model.layers.0.mlp.up_proj,0,layers_00_07,up_proj,mlp,4096,14336,58720256,-3.887561490500957e-07,0.011733459308743477,0.009282484650611877,0.1962890625,4.277910556993447e-05,0.7503485679626465,0.9906516671180725,1.4024999141693115,1.4721125364303589,0.00028256375395585565,0.09405638947101713,0.07097861124202609,1.6484375,0.49769148230552673
7,model.layers.0.mlp.down_proj,0,layers_00_07,down_proj,mlp,14336,4096,58720256,-9.766664561539073e-07,0.01175522431731224,0.009275035001337528,0.61328125,0.00021215846936684102,1.4019383192062378,4.4821553230285645,0.7518818974494934,1.1099507808685303,9.895875531843298e-06,0.006878418607421333,0.002598310388358576,5.96875,0.0008933629308428083
8,model.layers.1.self_attn.q_proj,1,layers_00_07,q_proj,attention,4096,4096,16777216,-3.4287068046978675e-06,0.019375592470169067,0.01382577233016491,0.53515625,0.002135932445526123,1.136181116104126,3.0717341899871826,1.221958041191101,4.300784587860107,9.781786729945452e-06,0.22181557730851456,0.0877142227254808,5.875,0.22396710515022278
9,model.layers.1.self_attn.k_proj,1,layers_00_07,k_proj,attention,4096,1024,4194304,1.6100148059194908e-06,0.027428146451711655,0.019197605550289154,0.35546875,0.0031304359436035156,1.5918182134628296,3.7735626697540283,0.8557752966880798,1.8843291997909546,9.781786729945452e-06,0.22181557730851456,0.0877142227254808,5.875,0.14063912630081177
10,model.layers.1.self_attn.v_proj,1,layers_00_07,v_proj,attention,4096,1024,4194304,1.527702124803909e-06,0.008938548155128956,0.006930669769644737,0.0966796875,5.435943603515625e-05,0.5664350986480713,1.0265898704528809,0.2814839482307434,0.328136682510376,9.781786729945452e-06,0.22181557730851456,0.0877142227254808,5.875,0.4792771637439728
11,model.layers.1.self_attn.o_proj,1,layers_00_07,o_proj,attention,4096,4096,16777216,-1.980921069844044e-06,0.009573422372341156,0.007319950498640537,0.4140625,0.0010970830917358398,0.6020486950874329,3.122973918914795,0.6076480746269226,1.1396888494491577,9.619763090995548e-05,0.01593873226316642,0.00849640741944313,2.4375,0.024882376194000244
12,model.layers.1.mlp.gate_proj,1,layers_00_07,gate_proj,mlp,4096,14336,58720256,-6.407948660580587e-08,0.012969723902642727,0.010251383297145367,0.52734375,0.00013548987044487149,0.8268800377845764,3.921720027923584,1.5507452487945557,1.7966748476028442,0.00042024457650313707,0.1252744676866239,0.09583751438185573,4.125,0.589442104101181
13,model.layers.1.mlp.up_proj,1,layers_00_07,up_proj,mlp,4096,14336,58720256,2.0324573597463313e-06,0.011941760778427124,0.009458237327635288,0.462890625,7.263251609401777e-05,0.7635102868080139,2.792564630508423,1.4272761344909668,1.478335976600647,0.00042024457650313707,0.1252744676866239,0.09583751438185573,4.125,0.6162308752536774
14,model.layers.1.mlp.down_proj,1,layers_00_07,down_proj,mlp,14336,4096,58720256,-2.5313233891210984e-06,0.011923427693545818,0.009446901269257069,0.70703125,9.192739526042715e-05,1.4262726306915283,3.466888904571533,0.7625780701637268,1.1976628303527832,-5.0486540333492614e-05,0.17225111887855504,0.004261722671799362,564.0,0.0019203765051705496
15,model.layers.2.self_attn.q_proj,2,layers_00_07,q_proj,attention,4096,4096,16777216,-3.579193162295269e-06,0.018701542168855667,0.013962156139314175,0.26171875,0.0007300376892089844,1.1396424770355225,2.3311126232147217,1.1945849657058716,1.743375539779663,0.004674745941883884,0.40766478277079105,0.22938502486795187,9.25,0.6942393183708191
16,model.layers.2.self_attn.k_proj,2,layers_00_07,k_proj,attention,4096,1024,4194304,-2.3766529011481907e-06,0.02801508828997612,0.020425662398338318,0.349609375,0.0012526512145996094,1.680641770362854,2.7171735763549805,0.889293372631073,1.569339394569397,0.004674745941883884,0.40766478277079105,0.22938502486795187,9.25,0.5706006288528442
17,model.layers.2.self_attn.v_proj,2,layers_00_07,v_proj,attention,4096,1024,4194304,-1.0163230399484746e-06,0.0073942020535469055,0.005725324619561434,0.05859375,7.009506225585938e-05,0.46454519033432007,0.6495648622512817,0.23457275331020355,0.27562835812568665,0.004674745941883884,0.40766478277079105,0.22938502486795187,9.25,0.8693048059940338
18,model.layers.2.self_attn.o_proj,2,layers_00_07,o_proj,attention,4096,4096,16777216,-1.3082745908832294e-07,0.008775170892477036,0.006752446759492159,0.345703125,0.0005463361740112305,0.5561447143554688,3.2022454738616943,0.5500417947769165,1.1947394609451294,2.8734408601849282e-05,0.01612759248826823,0.007218083075713366,1.0546875,0.02660137414932251
19,model.layers.2.mlp.gate_proj,2,layers_00_07,gate_proj,mlp,4096,14336,58720256,-4.009752501588082e-06,0.013286275789141655,0.010508748702704906,0.32421875,0.00012969970703125,0.8467741012573242,2.2825348377227783,1.58815336227417,1.8285796642303467,0.0002563349607953569,0.1589773340622335,0.12361874151974916,5.71875,0.6708646416664124
20,model.layers.2.mlp.up_proj,2,layers_00_07,up_proj,mlp,4096,14336,58720256,-1.3770669227142207e-07,0.011885719373822212,0.009426787495613098,0.248046875,4.124641418457031e-05,0.7600484490394592,0.9591020941734314,1.4199153184890747,1.4683490991592407,0.0002563349607953569,0.1589773340622335,0.12361874151974916,5.71875,0.7032380402088165
21,model.layers.2.mlp.down_proj,2,layers_00_07,down_proj,mlp,14336,4096,58720256,2.523420107536367e-06,0.01193631999194622,0.009471316821873188,0.60546875,7.484640082111582e-05,1.4277138710021973,3.8307383060455322,0.763269305229187,0.8994619846343994,-2.7526792158434027e-05,0.013083127692984819,0.006334566045552492,2.875,0.004124070916857038
22,model.layers.3.self_attn.q_proj,3,layers_00_07,q_proj,attention,4096,4096,16777216,-1.25766200653743e-06,0.018764588981866837,0.014273097738623619,0.21875,0.0003612637519836426,1.1533846855163574,2.611816167831421,1.1999348402023315,1.8100783824920654,0.0011348925404490728,0.3551765305021747,0.24508113227784634,7.78125,0.7503493130207062
23,model.layers.3.self_attn.k_proj,3,layers_00_07,k_proj,attention,4096,1024,4194304,-2.2701397028868087e-05,0.027942173182964325,0.02094350941479206,0.283203125,0.0006036758422851562,1.6929410696029663,3.2081656455993652,0.8920969367027283,1.5526955127716064,0.0011348925404490728,0.3551765305021747,0.24508113227784634,7.78125,0.6434932053089142
24,model.layers.3.self_attn.v_proj,3,layers_00_07,v_proj,attention,4096,1024,4194304,-2.826030367941712e-06,0.008700519800186157,0.006813849322497845,0.1357421875,0.00010657310485839844,0.5509109497070312,0.8104318380355835,0.27688518166542053,0.3723473846912384,0.0011348925404490728,0.3551765305021747,0.24508113227784634,7.78125,0.8779044151306152
25,model.layers.3.self_attn.o_proj,3,layers_00_07,o_proj,attention,4096,4096,16777216,1.7284720570387435e-06,0.010012547485530376,0.00788554735481739,0.376953125,0.00019800662994384766,0.6379948854446411,3.405303716659546,0.6379040479660034,1.0715266466140747,1.4081061863180366e-05,0.02355322990299468,0.013234420272056013,1.1484375,0.048887670040130615
26,model.layers.3.mlp.gate_proj,3,layers_00_07,gate_proj,mlp,4096,14336,58720256,-2.5745175662450492e-06,0.013996254652738571,0.011031849309802055,0.5078125,0.00016166482237167656,0.8885990977287292,2.561509370803833,1.673936128616333,2.062113046646118,4.866054632657324e-05,0.19062846387179794,0.14861688669770956,6.78125,0.7128930389881134
27,model.layers.3.mlp.up_proj,3,layers_00_07,up_proj,mlp,4096,14336,58720256,5.718683837585559e-07,0.011698932386934757,0.009282983839511871,0.275390625,4.781995448865928e-05,0.7480753660202026,0.9955365657806396,1.3986430168151855,1.4450336694717407,4.866054632657324e-05,0.19062846387179794,0.14861688669770956,6.78125,0.7557103335857391
28,model.layers.3.mlp.down_proj,3,layers_00_07,down_proj,mlp,14336,4096,58720256,-1.3387556236921228e-06,0.011674203909933567,0.009257172234356403,0.546875,5.534716910915449e-05,1.3951125144958496,3.623262405395508,0.7464451193809509,0.8720301389694214,-3.1039698861994632e-06,0.018623787071514714,0.01012893659727914,3.953125,0.012718890394483293
29,model.layers.4.self_attn.q_proj,4,layers_00_07,q_proj,attention,4096,4096,16777216,-2.3255713585967897e-06,0.018561434000730515,0.014022042974829674,0.330078125,0.0005763769149780273,1.1335777044296265,2.265773057937622,1.1867843866348267,1.8204984664916992,0.0014224666556401644,0.3519137566605778,0.22836725506931543,8.1875,0.7277900874614716
30,model.layers.4.self_attn.k_proj,4,layers_00_07,k_proj,attention,4096,1024,4194304,-1.9188202713849023e-05,0.027554607018828392,0.02079744078218937,0.3359375,0.0006072521209716797,1.6863232851028442,2.8747057914733887,0.8786020278930664,1.4534327983856201,0.0014224666556401644,0.3519137566605778,0.22836725506931543,8.1875,0.6090653538703918
31,model.layers.4.self_attn.v_proj,4,layers_00_07,v_proj,attention,4096,1024,4194304,-1.4773991097172257e-06,0.009332901798188686,0.007249952293932438,0.07421875,7.915496826171875e-05,0.5868878364562988,0.7936738133430481,0.29673707485198975,0.3445773720741272,0.0014224666556401644,0.3519137566605778,0.22836725506931543,8.1875,0.8558195233345032
32,model.layers.4.self_attn.o_proj,4,layers_00_07,o_proj,attention,4096,4096,16777216,-7.148210556806589e-07,0.010210786014795303,0.007954447530210018,0.357421875,0.0004375576972961426,0.649362325668335,3.1238784790039062,0.6491103768348694,0.9360324144363403,9.179876769849216e-05,0.03368012610467513,0.01987432420719415,1.1015625,0.10092899203300476
33,model.layers.4.mlp.gate_proj,4,layers_00_07,gate_proj,mlp,4096,14336,58720256,-1.3958268027636223e-05,0.014675944112241268,0.01152042392641306,0.392578125,0.0001513447059551254,0.928572952747345,2.2375545501708984,1.7564445734024048,2.1531848907470703,0.001298395716730738,0.2172423751425807,0.16849968302994967,8.5,0.7338848114013672
34,model.layers.4.mlp.up_proj,4,layers_00_07,up_proj,mlp,4096,14336,58720256,-1.6750111342389573e-07,0.011451760306954384,0.00906907208263874,0.3046875,8.222035103244707e-05,0.7321311235427856,0.9600146412849426,1.3701720237731934,1.4146076440811157,0.001298395716730738,0.2172423751425807,0.16849968302994967,8.5,0.7890388369560242
35,model.layers.4.mlp.down_proj,4,layers_00_07,down_proj,mlp,14336,4096,58720256,1.537228513370792e-06,0.011426321230828762,0.009044746868312359,0.65625,7.447174721164629e-05,1.365043044090271,4.13991117477417,0.7305721044540405,1.0472662448883057,1.5079197185384277e-05,0.024980158776632604,0.014410780343626226,4.46875,0.030268422194889615
36,model.layers.5.self_attn.q_proj,5,layers_00_07,q_proj,attention,4096,4096,16777216,-1.977826286747586e-06,0.0184896569699049,0.013894317671656609,0.2578125,0.0007261037826538086,1.1256192922592163,2.2286272048950195,1.1824407577514648,1.7925629615783691,0.0036780261725652963,0.40969147069532275,0.2654973119497299,9.9375,0.764221727848053
37,model.layers.5.self_attn.k_proj,5,layers_00_07,k_proj,attention,4096,1024,4194304,-1.4367757103173062e-05,0.0276351235806942,0.02064439095556736,0.52734375,0.0007953643798828125,1.6769510507583618,2.7286784648895264,0.8807750940322876,1.55646550655365,0.0036780261725652963,0.40969147069532275,0.2654973119497299,9.9375,0.657701700925827
38,model.layers.5.self_attn.v_proj,5,layers_00_07,v_proj,attention,4096,1024,4194304,-4.970102509105345e-06,0.007802187465131283,0.006112340837717056,0.1357421875,4.363059997558594e-05,0.4952409863471985,0.63868248462677,0.24796484410762787,0.3893052935600281,0.0036780261725652963,0.40969147069532275,0.2654973119497299,9.9375,0.8933842182159424
39,model.layers.5.self_attn.o_proj,5,layers_00_07,o_proj,attention,4096,4096,16777216,2.4962008637885447e-07,0.009465299546718597,0.0073844692669808865,0.34765625,0.0001850724220275879,0.6034669280052185,2.5686800479888916,0.5966123938560486,1.2248228788375854,0.0006264868397920509,0.04399049617989909,0.02454522589687258,1.765625,0.1561794877052307
40,model.layers.5.mlp.gate_proj,5,layers_00_07,gate_proj,mlp,4096,14336,58720256,6.381353614415275e-06,0.014649472199380398,0.011531718075275421,0.41796875,0.00012329647142905742,0.9284306168556213,2.4932756423950195,1.7534844875335693,2.060682773590088,0.0006379577980624163,0.23911015176990383,0.18513155449181795,8.9375,0.7574175298213959
41,model.layers.5.mlp.up_proj,5,layers_00_07,up_proj,mlp,4096,14336,58720256,1.4981452522988548e-06,0.011518755927681923,0.009134792722761631,0.427734375,5.0851278501795605e-05,0.7364435195922852,1.168825626373291,1.3781793117523193,1.4213790893554688,0.0006379577980624163,0.23911015176990383,0.18513155449181795,8.9375,0.8059773445129395
42,model.layers.5.mlp.down_proj,5,layers_00_07,down_proj,mlp,14336,4096,58720256,-7.590096515741607e-07,0.011478941887617111,0.009088373742997646,0.6015625,6.251675949897617e-05,1.3706369400024414,4.160365104675293,0.733993411064148,1.1435357332229614,4.735014652266857e-05,0.030282718384906357,0.01762022590264678,5.96875,0.04997129951204572
43,model.layers.6.self_attn.q_proj,6,layers_00_07,q_proj,attention,4096,4096,16777216,5.371131919673644e-06,0.018848247826099396,0.01431337185204029,0.2734375,0.0006383657455444336,1.1538710594177246,2.633382558822632,1.2057194709777832,1.6354717016220093,0.000578622429202369,0.3932014997387235,0.26280664652585983,10.4375,0.7657917737960815
44,model.layers.6.self_attn.k_proj,6,layers_00_07,k_proj,attention,4096,1024,4194304,-4.85246073367307e-06,0.027639899402856827,0.021174097433686256,0.287109375,0.0004162788391113281,1.7079846858978271,3.0859498977661133,0.8818711638450623,1.5022088289260864,0.000578622429202369,0.3932014997387235,0.26280664652585983,10.4375,0.6594867706298828
45,model.layers.6.self_attn.v_proj,6,layers_00_07,v_proj,attention,4096,1024,4194304,3.430751348787453e-06,0.008446390740573406,0.00662330724298954,0.0595703125,3.743171691894531e-05,0.5360503792762756,0.6659989356994629,0.2683041989803314,0.3101188540458679,0.000578622429202369,0.3932014997387235,0.26280664652585983,10.4375,0.8891015648841858
46,model.layers.6.self_attn.o_proj,6,layers_00_07,o_proj,attention,4096,4096,16777216,9.56325493461918e-07,0.009871739894151688,0.007753491401672363,0.6953125,0.00013464689254760742,0.6288613080978394,2.710491418838501,0.6265248656272888,0.9880431294441223,-0.00026321583720800845,0.05442322664781076,0.033324780757538974,1.6484375,0.22540771961212158
47,model.layers.6.mlp.gate_proj,6,layers_00_07,gate_proj,mlp,4096,14336,58720256,1.5696248738095164e-05,0.014698456041514874,0.011538262479007244,0.466796875,0.0001539502845844254,0.9288109540939331,3.219043493270874,1.7593344449996948,2.147395133972168,-0.00010105100727741956,0.2525990020703373,0.19434058479964733,10.0,0.7681302726268768
48,model.layers.6.mlp.up_proj,6,layers_00_07,up_proj,mlp,4096,14336,58720256,1.110040329876938e-06,0.011514905840158463,0.009133887477219105,0.30078125,4.167216320638545e-05,0.735992968082428,1.1963372230529785,1.3775728940963745,1.419774055480957,-0.00010105100727741956,0.2525990020703373,0.19434058479964733,10.0,0.814500242471695
49,model.layers.6.mlp.down_proj,6,layers_00_07,down_proj,mlp,14336,4096,58720256,-1.079736307474377e-06,0.01147005520761013,0.009070409461855888,0.66015625,6.389617919921875e-05,1.3682887554168701,4.862508773803711,0.7331609725952148,1.027724266052246,-5.7359640209142526e-05,0.03327239333791279,0.020366914437285492,3.765625,0.0729367903300694
50,model.layers.7.self_attn.q_proj,7,layers_00_07,q_proj,attention,4096,4096,16777216,-2.1363666746765375e-06,0.018131112679839134,0.013749209232628345,0.25390625,0.0004668235778808594,1.108860969543457,2.3019704818725586,1.159599781036377,1.5292375087738037,-0.0006709143190164468,0.3993512604183158,0.26956379041075706,9.6875,0.7847051322460175
51,model.layers.7.self_attn.k_proj,7,layers_00_07,k_proj,attention,4096,1024,4194304,6.9079264903848525e-06,0.027875591069459915,0.02138805016875267,0.267578125,0.000244140625,1.7238895893096924,2.659475088119507,0.8904876112937927,1.4435722827911377,-0.0006709143190164468,0.3993512604183158,0.26956379041075706,9.6875,0.6715137362480164
52,model.layers.7.self_attn.v_proj,7,layers_00_07,v_proj,attention,4096,1024,4194304,1.4082393136050086e-06,0.008339042775332928,0.00654595997184515,0.078125,3.552436828613281e-05,0.5293909907341003,0.693221390247345,0.2654775381088257,0.3147205412387848,-0.0006709143190164468,0.3993512604183158,0.26956379041075706,9.6875,0.895362913608551
53,model.layers.7.self_attn.o_proj,7,layers_00_07,o_proj,attention,4096,4096,16777216,-8.50082642500638e-07,0.010026424191892147,0.007847055792808533,0.318359375,0.00021570920944213867,0.6376461982727051,2.557649612426758,0.6365739107131958,0.9286031126976013,-0.0004975837382517057,0.06563218426524667,0.04236527276225388,1.71875,0.30403125286102295
54,model.layers.7.mlp.gate_proj,7,layers_00_07,gate_proj,mlp,4096,14336,58720256,1.597604205016978e-05,0.014431441202759743,0.011297076009213924,0.41015625,0.00015522752073593438,0.9099692106246948,2.3995628356933594,1.7276304960250854,2.119873285293579,-0.000371720663679298,0.25748806490016446,0.196725994348526,9.5625,0.775419145822525
55,model.layers.7.mlp.up_proj,7,layers_00_07,up_proj,mlp,4096,14336,58720256,-8.302012588501384e-07,0.011659914627671242,0.009238830767571926,0.287109375,7.029942207736894e-05,0.7451733350753784,1.1638563871383667,1.3952643871307373,1.4409970045089722,-0.000371720663679298,0.25748806490016446,0.196725994348526,9.5625,0.8143392503261566
56,model.layers.7.mlp.down_proj,7,layers_00_07,down_proj,mlp,14336,4096,58720256,1.1438712590461364e-06,0.01162075437605381,0.00916222482919693,0.640625,9.988035162677988e-05,1.3848960399627686,5.744028568267822,0.7424957156181335,1.1153806447982788,-8.789676888097477e-05,0.03424797922225534,0.021282073509480273,4.96875,0.07927989959716797
57,model.layers.8.self_attn.q_proj,8,layers_08_15,q_proj,attention,4096,4096,16777216,-2.6815037017513532e-06,0.01813548244535923,0.013636687770485878,0.453125,0.0009240508079528809,1.1016240119934082,2.918236494064331,1.1599369049072266,1.5711888074874878,-0.00179122556164657,0.44033335365012577,0.28812724724411964,13.5625,0.7985803782939911
58,model.layers.8.self_attn.k_proj,8,layers_08_15,k_proj,attention,4096,1024,4194304,-6.375182238116395e-06,0.027436014264822006,0.020569803193211555,0.455078125,0.0010190010070800781,1.6658368110656738,2.951932430267334,0.8752062916755676,1.4786145687103271,-0.00179122556164657,0.44033335365012577,0.28812724724411964,13.5625,0.7019927799701691
59,model.layers.8.self_attn.v_proj,8,layers_08_15,v_proj,attention,4096,1024,4194304,-5.899477400816977e-06,0.008792264387011528,0.0067805880680680275,0.08544921875,0.0002512931823730469,0.5504680871963501,0.8158292174339294,0.27890151739120483,0.3522138297557831,-0.00179122556164657,0.44033335365012577,0.28812724724411964,13.5625,0.8980112969875336
60,model.layers.8.self_attn.o_proj,8,layers_08_15,o_proj,attention,4096,4096,16777216,-1.2946939875746466e-07,0.010240173898637295,0.007960557006299496,0.392578125,0.00023496150970458984,0.6497528553009033,3.1240668296813965,0.6472463011741638,0.9692428112030029,-0.00023727012558083516,0.07570549560436873,0.04933646693825722,1.84375,0.3578490912914276
61,model.layers.8.mlp.gate_proj,8,layers_08_15,gate_proj,mlp,4096,14336,58720256,-4.778592938237125e-06,0.014472069218754768,0.011308022774755955,0.326171875,0.00017116751405410469,0.9106476902961731,2.2208926677703857,1.732268214225769,2.2307674884796143,-0.0006576680389116518,0.26478778696093824,0.2021842859685421,9.75,0.7816628515720367
62,model.layers.8.mlp.up_proj,8,layers_08_15,up_proj,mlp,4096,14336,58720256,-1.0699492349885986e-06,0.011620676144957542,0.009211095981299877,0.29296875,5.8480673033045605e-05,0.7426290512084961,1.163983941078186,1.3903881311416626,1.4367177486419678,-0.0006576680389116518,0.26478778696093824,0.2021842859685421,9.75,0.8203242421150208
63,model.layers.8.mlp.down_proj,8,layers_08_15,down_proj,mlp,14336,4096,58720256,5.631185118204485e-08,0.011598359793424606,0.009139488451182842,0.734375,8.220331801567227e-05,1.3804185390472412,5.6578369140625,0.7409775853157043,1.102976679801941,-2.8718503407227608e-05,0.03583222107327055,0.02250225975045136,4.25,0.09171720061983381
64,model.layers.9.self_attn.q_proj,9,layers_08_15,q_proj,attention,4096,4096,16777216,-4.11488372265012e-06,0.01810692995786667,0.013658292591571808,0.2490234375,0.0008376836776733398,1.101819634437561,2.7365829944610596,1.1575931310653687,1.6233938932418823,-0.002055296786238614,0.439546195084045,0.28913347609341145,16.5,0.8035542666912079
65,model.layers.9.self_attn.k_proj,9,layers_08_15,k_proj,attention,4096,1024,4194304,-1.0689484042814001e-05,0.027294201776385307,0.020605726167559624,0.369140625,0.0005035400390625,1.663292646408081,2.8101768493652344,0.8713054060935974,1.5493483543395996,-0.002055296786238614,0.439546195084045,0.28913347609341145,16.5,0.7078690230846405
66,model.layers.9.self_attn.v_proj,9,layers_08_15,v_proj,attention,4096,1024,4194304,1.0954707931887242e-06,0.01018166821449995,0.007743253372609615,0.09765625,0.0007271766662597656,0.6280374526977539,1.1033216714859009,0.3235766291618347,0.382840633392334,-0.002055296786238614,0.439546195084045,0.28913347609341145,16.5,0.8866001069545746
67,model.layers.9.self_attn.o_proj,9,layers_08_15,o_proj,attention,4096,4096,16777216,2.033363671216648e-06,0.010953246615827084,0.008471682667732239,0.357421875,0.00026023387908935547,0.6953765749931335,3.103210687637329,0.6887345314025879,1.1100846529006958,-0.0011510870772326598,0.07984844317009386,0.05212606443092227,1.7265625,0.3558080792427063
68,model.layers.9.mlp.gate_proj,9,layers_08_15,gate_proj,mlp,4096,14336,58720256,-1.5487104576550337e-07,0.01464574970304966,0.011406549252569675,0.48046875,0.000242931506363675,0.9196842312812805,2.45466685295105,1.7532625198364258,2.3003406524658203,0.00040591953438706696,0.26810008773515986,0.20506758522242308,9.8125,0.782061904668808
69,model.layers.9.mlp.up_proj,9,layers_08_15,up_proj,mlp,4096,14336,58720256,-1.8117158333552652e-06,0.01173609308898449,0.00929322186857462,0.3046875,7.508481940021738e-05,0.7498785853385925,1.262256145477295,1.4044958353042603,1.448229432106018,0.00040591953438706696,0.26810008773515986,0.20506758522242308,9.8125,0.8217977285385132
70,model.layers.9.mlp.down_proj,9,layers_08_15,down_proj,mlp,14336,4096,58720256,6.994870318521862e-07,0.011639821343123913,0.00916642602533102,0.70703125,7.530621223850176e-05,1.3841880559921265,5.791402816772461,0.743702232837677,1.0816733837127686,4.83207763214263e-05,0.03809645628987156,0.023863970967275754,4.5,0.1027550186429705
71,model.layers.10.self_attn.q_proj,10,layers_08_15,q_proj,attention,4096,4096,16777216,3.012403340107994e-06,0.018424907699227333,0.013698686845600605,0.37890625,0.0010164976119995117,1.1091604232788086,2.5586297512054443,1.1785509586334229,1.490682601928711,-0.002564457745393156,0.4734597800436243,0.3018768634647131,17.75,0.8048128187656403
72,model.layers.10.self_attn.k_proj,10,layers_08_15,k_proj,attention,4096,1024,4194304,1.6472849893034436e-05,0.027631303295493126,0.02071528509259224,0.4375,0.0009250640869140625,1.6859626770019531,2.8420705795288086,0.8818509578704834,1.4736251831054688,-0.002564457745393156,0.4734597800436243,0.3018768634647131,17.75,0.7101905643939972
73,model.layers.10.self_attn.v_proj,10,layers_08_15,v_proj,attention,4096,1024,4194304,2.4945979930635076e-06,0.008801878429949284,0.00676895072683692,0.064453125,0.0002295970916748047,0.5500369668006897,0.8640455007553101,0.278924822807312,0.3398183286190033,-0.002564457745393156,0.4734597800436243,0.3018768634647131,17.75,0.9018306732177734
74,model.layers.10.self_attn.o_proj,10,layers_08_15,o_proj,attention,4096,4096,16777216,-1.4879835816827836e-06,0.010177348740398884,0.007914997637271881,0.515625,0.00016987323760986328,0.6465306282043457,3.042370080947876,0.6426235437393188,0.988010585308075,-0.0005985786547171301,0.08110768653474769,0.04981483635492623,1.84375,0.3451128304004669
75,model.layers.10.mlp.gate_proj,10,layers_08_15,gate_proj,mlp,4096,14336,58720256,-1.7710339307086542e-05,0.014310223050415516,0.011181168258190155,0.345703125,0.00020798614423256367,0.9003610014915466,2.4016003608703613,1.7131119966506958,2.3003334999084473,0.0003446720081683452,0.2693745935996795,0.20662295166403055,8.5,0.7885586023330688
76,model.layers.10.mlp.up_proj,10,layers_08_15,up_proj,mlp,4096,14336,58720256,2.5943370474124094e-06,0.011906680651009083,0.009443900547921658,0.24609375,4.2183059122180566e-05,0.76090008020401,1.2197339534759521,1.4247795343399048,1.4729293584823608,0.0003446720081683452,0.2693745935996795,0.20662295166403055,8.5,0.8202192187309265
77,model.layers.10.mlp.down_proj,10,layers_08_15,down_proj,mlp,14336,4096,58720256,-8.379614513387423e-08,0.011795679107308388,0.009294104762375355,0.70703125,5.7748384278966114e-05,1.4012763500213623,5.611871719360352,0.7536925077438354,1.1027199029922485,0.00011708230759463081,0.03845593434425806,0.02415482167686735,7.46875,0.1027800270489284
78,model.layers.11.self_attn.q_proj,11,layers_08_15,q_proj,attention,4096,4096,16777216,-4.133116817683913e-06,0.017542041838169098,0.013261397369205952,0.2021484375,0.0005662441253662109,1.069525122642517,2.3892886638641357,1.1216908693313599,1.3987776041030884,-0.0017593568118172698,0.4694915334259316,0.3039405792951584,19.625,0.8173600435256958
79,model.layers.11.self_attn.k_proj,11,layers_08_15,k_proj,attention,4096,1024,4194304,-8.473238267470151e-06,0.02734273672103882,0.0207473523914814,0.3125,0.0004706382751464844,1.6756623983383179,2.7850656509399414,0.8737875819206238,1.381220817565918,-0.0017593568118172698,0.4694915334259316,0.3039405792951584,19.625,0.718838095664978
80,model.layers.11.self_attn.v_proj,11,layers_08_15,v_proj,attention,4096,1024,4194304,1.627510982871172e-06,0.008646741509437561,0.006808448117226362,0.072265625,3.0994415283203125e-05,0.5506653189659119,0.6605476140975952,0.2754003405570984,0.3239952027797699,-0.0017593568118172698,0.4694915334259316,0.3039405792951584,19.625,0.9042907059192657
81,model.layers.11.self_attn.o_proj,11,layers_08_15,o_proj,attention,4096,4096,16777216,-1.0745665690592432e-08,0.010363804176449776,0.008072718977928162,0.27734375,0.00018256902694702148,0.6568328142166138,2.8476064205169678,0.6558736562728882,0.9961010813713074,-0.0006441424746981284,0.09103365811987361,0.058613931527361274,2.0625,0.4141002595424652
82,model.layers.11.mlp.gate_proj,11,layers_08_15,gate_proj,mlp,4096,14336,58720256,-8.935722689784598e-06,0.014126263558864594,0.011008079163730145,0.38671875,0.00029107503360137343,0.8876508474349976,3.163907527923584,1.691136360168457,2.313093423843384,1.5762415841891197e-05,0.27671940844850457,0.2109050378203392,9.1875,0.7948997914791107
83,model.layers.11.mlp.up_proj,11,layers_08_15,up_proj,mlp,4096,14336,58720256,5.991141733829863e-07,0.01197604089975357,0.009485656395554543,0.2314453125,5.473409328260459e-05,0.7650577425956726,1.419485330581665,1.432845950126648,1.4917950630187988,1.5762415841891197e-05,0.27671940844850457,0.2109050378203392,9.1875,0.8225107789039612
84,model.layers.11.mlp.down_proj,11,layers_08_15,down_proj,mlp,14336,4096,58720256,1.1270761888226843e-06,0.011876899749040604,0.009350134059786797,0.59375,9.177411993732676e-05,1.4120724201202393,6.383389472961426,0.7585557699203491,1.1473207473754883,0.0001449670395621589,0.039387950946404245,0.02479684352874756,4.1875,0.10880004508154732
85,model.layers.12.self_attn.q_proj,12,layers_08_15,q_proj,attention,4096,4096,16777216,8.447168511338532e-06,0.017732594162225723,0.013678323477506638,0.251953125,0.0002478361129760742,1.1023906469345093,2.1044766902923584,1.1340757608413696,1.5127707719802856,1.1075763723056298e-05,0.42534076131796145,0.28174307756125927,15.4375,0.7988451421260834
86,model.layers.12.self_attn.k_proj,12,layers_08_15,k_proj,attention,4096,1024,4194304,-1.1500709661049768e-05,0.026671353727579117,0.020663125440478325,0.23046875,0.0001475811004638672,1.6638543605804443,2.7301242351531982,0.8524972796440125,1.5744919776916504,1.1075763723056298e-05,0.42534076131796145,0.28174307756125927,15.4375,0.702627420425415
87,model.layers.12.self_attn.v_proj,12,layers_08_15,v_proj,attention,4096,1024,4194304,-6.265280489969882e-07,0.01014279667288065,0.007964881137013435,0.09765625,4.482269287109375e-05,0.6444076299667358,0.8832435011863708,0.32297876477241516,0.39113274216651917,1.1075763723056298e-05,0.42534076131796145,0.28174307756125927,15.4375,0.8816497623920441
88,model.layers.12.self_attn.o_proj,12,layers_08_15,o_proj,attention,4096,4096,16777216,-2.705513679757132e-07,0.010930724442005157,0.008566804230213165,0.458984375,0.0001456141471862793,0.6930699348449707,2.860222101211548,0.6965715289115906,0.8883545994758606,0.0012863365645898739,0.09218596690005562,0.061459629563614726,1.8046875,0.418610155582428
89,model.layers.12.mlp.gate_proj,12,layers_08_15,gate_proj,mlp,4096,14336,58720256,-7.410435955534922e-06,0.013956775888800621,0.010819726623594761,0.42578125,0.00035701479646377265,0.8740848302841187,2.762129545211792,1.6707953214645386,2.4377455711364746,0.0008884749922799529,0.27662158839511924,0.20819270983338356,9.875,0.7947783768177032
90,model.layers.12.mlp.up_proj,12,layers_08_15,up_proj,mlp,4096,14336,58720256,2.720919155763113e-06,0.0122005520388484,0.009640241041779518,0.328125,7.961477240314707e-05,0.7786760330200195,1.2934777736663818,1.4597680568695068,1.5163557529449463,0.0008884749922799529,0.27662158839511924,0.20819270983338356,9.875,0.8162333965301514
91,model.layers.12.mlp.down_proj,12,layers_08_15,down_proj,mlp,14336,4096,58720256,-2.16071128988915e-07,0.012048901058733463,0.009486092254519463,0.9140625,0.00011093275679741055,1.436011791229248,6.071327209472656,0.7690679430961609,1.220418930053711,1.3122304868115213e-07,0.04073023238784389,0.02529898764831679,4.90625,0.108745276927948
92,model.layers.13.self_attn.q_proj,13,layers_08_15,q_proj,attention,4096,4096,16777216,-3.2622010621707886e-06,0.01789497584104538,0.013464057818055153,0.177734375,0.0006014704704284668,1.085945725440979,2.3333659172058105,1.1432151794433594,1.4014688730239868,-0.003609220373618882,0.4903498015334814,0.3127080760896206,18.625,0.8189257979393005
93,model.layers.13.self_attn.k_proj,13,layers_08_15,k_proj,attention,4096,1024,4194304,1.77322217496112e-05,0.027425698935985565,0.0206300038844347,0.392578125,0.00060272216796875,1.668149709701538,2.732116222381592,0.8748080730438232,1.5756721496582031,-0.003609220373618882,0.4903498015334814,0.3127080760896206,18.625,0.7269963324069977
94,model.layers.13.self_attn.v_proj,13,layers_08_15,v_proj,attention,4096,1024,4194304,3.5591601772466674e-06,0.009445483796298504,0.007428786717355251,0.099609375,3.62396240234375e-05,0.600309431552887,0.7483181953430176,0.3011159896850586,0.3831653296947479,-0.003609220373618882,0.4903498015334814,0.3127080760896206,18.625,0.8987110555171967
95,model.layers.13.self_attn.o_proj,13,layers_08_15,o_proj,attention,4096,4096,16777216,-1.1567116189326043e-06,0.010703828185796738,0.008365584537386894,0.77734375,8.577108383178711e-05,0.6788938045501709,3.0231173038482666,0.6790992021560669,0.9684255719184875,0.00131064246124879,0.10219833402097236,0.06458051735535264,2.125,0.4188039302825928
96,model.layers.13.mlp.gate_proj,13,layers_08_15,gate_proj,mlp,4096,14336,58720256,-3.138441388728097e-05,0.013969368301331997,0.01085178554058075,0.484375,0.0003834622330032289,0.8766530752182007,3.360257148742676,1.6723172664642334,2.314061164855957,0.00016346711163350847,0.2847828025045809,0.21438345964998007,9.4375,0.7987642586231232
97,model.layers.13.mlp.up_proj,13,layers_08_15,up_proj,mlp,4096,14336,58720256,-8.790565857452748e-07,0.0122505659237504,0.009684561751782894,0.365234375,6.876672705402598e-05,0.7820248007774353,1.5542737245559692,1.4657059907913208,1.5192047357559204,0.00016346711163350847,0.2847828025045809,0.21438345964998007,9.4375,0.8196004927158356
98,model.layers.13.mlp.down_proj,13,layers_08_15,down_proj,mlp,14336,4096,58720256,-1.6212700302276062e-06,0.012056369334459305,0.009506264701485634,0.91015625,6.857940024929121e-05,1.4362527132034302,4.7312164306640625,0.769753634929657,1.1827950477600098,-0.000159138246350007,0.04425039116993673,0.027339335664042404,5.0,0.12502207926341466
99,model.layers.14.self_attn.q_proj,14,layers_08_15,q_proj,attention,4096,4096,16777216,-4.6764753278694116e-06,0.01754450984299183,0.013267317786812782,0.3359375,0.0005816817283630371,1.074842095375061,2.243687391281128,1.1213161945343018,1.3823686838150024,-0.004684706185798859,0.5065179712713261,0.3152787107974291,18.375,0.8189915418624878
100,model.layers.14.self_attn.k_proj,14,layers_08_15,k_proj,attention,4096,1024,4194304,-1.4132743672234938e-05,0.027173608541488647,0.02033175714313984,0.373046875,0.0010652542114257812,1.658137321472168,2.9256808757781982,0.8667612075805664,1.5589290857315063,-0.004684706185798859,0.5065179712713261,0.3152787107974291,18.375,0.7281321287155151
101,model.layers.14.self_attn.v_proj,14,layers_08_15,v_proj,attention,4096,1024,4194304,-3.1610495625500334e-06,0.009356033056974411,0.007282914128154516,0.087890625,0.00015282630920410156,0.5922670364379883,0.7715293169021606,0.29837343096733093,0.36771342158317566,-0.004684706185798859,0.5065179712713261,0.3152787107974291,18.375,0.8997576534748077
102,model.layers.14.self_attn.o_proj,14,layers_08_15,o_proj,attention,4096,4096,16777216,-6.292958687481587e-07,0.010652475990355015,0.008302582427859306,0.220703125,0.0002593398094177246,0.6796935796737671,2.372035503387451,0.6745449304580688,1.0632723569869995,0.0013848679893726512,0.10283259216250491,0.06670935382135212,2.46875,0.44038745760917664
103,model.layers.14.mlp.gate_proj,14,layers_08_15,gate_proj,mlp,4096,14336,58720256,-4.421614357852377e-05,0.014277080073952675,0.011063807643949986,0.48828125,0.0005044596618972719,0.894036591053009,2.9980103969573975,1.7089643478393555,2.3996214866638184,-0.00020854331478403765,0.2999934995193942,0.224820202216506,9.6875,0.8035261034965515
104,model.layers.14.mlp.up_proj,14,layers_08_15,up_proj,mlp,4096,14336,58720256,6.63671642087138e-07,0.01222260482609272,0.009657192043960094,0.45703125,5.3218431276036426e-05,0.7798740267753601,1.352067232131958,1.4620561599731445,1.5180108547210693,-0.00020854331478403765,0.2999934995193942,0.224820202216506,9.6875,0.8272567093372345
105,model.layers.14.mlp.down_proj,14,layers_08_15,down_proj,mlp,14336,4096,58720256,-1.9653184608614538e-06,0.012044467031955719,0.009505663998425007,0.8203125,6.716592179145664e-05,1.436599850654602,4.303616046905518,0.7687186002731323,1.2942723035812378,6.85298552655565e-05,0.04794852549131843,0.02915792353451252,5.96875,0.14037173134940012
106,model.layers.15.self_attn.q_proj,15,layers_08_15,q_proj,attention,4096,4096,16777216,-4.888698185823159e-06,0.019191233441233635,0.014162028208374977,0.4296875,0.0012244582176208496,1.141913890838623,2.943634510040283,1.2272825241088867,1.6663949489593506,-0.0028138602756371256,0.4793359705127665,0.3110594656318426,18.25,0.807068258523941
107,model.layers.15.self_attn.k_proj,15,layers_08_15,k_proj,attention,4096,1024,4194304,-2.080924969050102e-05,0.026688287034630775,0.020465930923819542,0.400390625,0.00044608116149902344,1.654676079750061,2.815349578857422,0.8511672616004944,1.7450275421142578,-0.0028138602756371256,0.4793359705127665,0.3110594656318426,18.25,0.725913941860199
108,model.layers.15.self_attn.v_proj,15,layers_08_15,v_proj,attention,4096,1024,4194304,-4.6076593207544647e-07,0.01019096840173006,0.007868177257478237,0.1416015625,0.0002377033233642578,0.6411623954772949,0.931652843952179,0.32432740926742554,0.48861756920814514,-0.0028138602756371256,0.4793359705127665,0.3110594656318426,18.25,0.8913076519966125
109,model.layers.15.self_attn.o_proj,15,layers_08_15,o_proj,attention,4096,4096,16777216,-1.0384378583694343e-06,0.011064579710364342,0.008615105412900448,0.466796875,0.00026744604110717773,0.7060691118240356,3.2149999141693115,0.6973395943641663,1.2314764261245728,-0.0008229700479205349,0.09236998999052605,0.0580748887732625,1.609375,0.3739432990550995
110,model.layers.15.mlp.gate_proj,15,layers_08_15,gate_proj,mlp,4096,14336,58720256,-5.564860111917369e-05,0.014605777338147163,0.011351188644766808,0.380859375,0.00048300198977813125,0.915421187877655,2.8949711322784424,1.7482868432998657,2.5660781860351562,0.0005102785708004376,0.3111636001613171,0.23437463399022818,9.25,0.8064631819725037
111,model.layers.15.mlp.up_proj,15,layers_08_15,up_proj,mlp,4096,14336,58720256,9.769372582013602e-07,0.012151542119681835,0.009617327712476254,0.28125,3.9287977415369824e-05,0.7755177617073059,1.1870667934417725,1.453521728515625,1.5066285133361816,0.0005102785708004376,0.3111636001613171,0.23437463399022818,9.25,0.8350361287593842
112,model.layers.15.mlp.down_proj,15,layers_08_15,down_proj,mlp,14336,4096,58720256,1.6146196912814048e-06,0.012012626975774765,0.009488768875598907,0.6328125,7.297311822185293e-05,1.43315589427948,4.7563347816467285,0.7671045064926147,1.1456186771392822,4.7558538036745244e-05,0.05467603281008137,0.03250333626887628,7.8125,0.16761174372264318
113,model.layers.16.self_attn.q_proj,16,layers_16_23,q_proj,attention,4096,4096,16777216,-3.6734600143972784e-06,0.018557174131274223,0.014008739963173866,0.40234375,0.0005788803100585938,1.1296894550323486,2.7048306465148926,1.1868083477020264,1.6804068088531494,-0.00290896260048612,0.492575015989794,0.3055176232010126,18.25,0.8010609447956085
114,model.layers.16.self_attn.k_proj,16,layers_16_23,k_proj,attention,4096,1024,4194304,1.7178610505652614e-05,0.026974273845553398,0.02052735537290573,0.36328125,0.0006327629089355469,1.6589460372924805,2.8847248554229736,0.8603929281234741,1.6617810726165771,-0.00290896260048612,0.492575015989794,0.3055176232010126,18.25,0.7135274410247803
115,model.layers.16.self_attn.v_proj,16,layers_16_23,v_proj,attention,4096,1024,4194304,2.1693417693313677e-06,0.009620417840778828,0.007490965537726879,0.13671875,0.00027251243591308594,0.6101148128509521,0.8043714761734009,0.306408166885376,0.4958658218383789,-0.00290896260048612,0.492575015989794,0.3055176232010126,18.25,0.8919689357280731
116,model.layers.16.self_attn.o_proj,16,layers_16_23,o_proj,attention,4096,4096,16777216,4.187457761872793e-06,0.010806001722812653,0.008467689156532288,0.482421875,0.0002117156982421875,0.6894391775131226,3.249284267425537,0.6857720613479614,1.0770772695541382,-0.0012104724446544424,0.08756385025429857,0.05392150115221739,1.90625,0.34814780950546265
117,model.layers.16.mlp.gate_proj,16,layers_16_23,gate_proj,mlp,4096,14336,58720256,-4.2761941585922614e-05,0.014925001189112663,0.011622900143265724,0.486328125,0.00041243009036406875,0.9363290667533875,3.0744800567626953,1.7867344617843628,2.519765853881836,0.0003011879525729455,0.32153286582156865,0.24550640862435102,8.9375,0.8128648698329926
118,model.layers.16.mlp.up_proj,16,layers_16_23,up_proj,mlp,4096,14336,58720256,-7.167682269937359e-07,0.012004358693957329,0.009514717385172844,0.267578125,3.2901763916015625e-05,0.7666341662406921,1.2523550987243652,1.4360675811767578,1.492006778717041,0.0003011879525729455,0.32153286582156865,0.24550640862435102,8.9375,0.8460941910743713
119,model.layers.16.mlp.down_proj,16,layers_16_23,down_proj,mlp,14336,4096,58720256,-8.50685012210306e-07,0.011872194707393646,0.009391427040100098,0.80859375,6.031990051269531e-05,1.4174044132232666,4.170834541320801,0.7584553956985474,1.1151237487792969,-1.4153688393240113e-05,0.05650137636927553,0.03264569038791316,8.9375,0.1723811115537371
120,model.layers.17.self_attn.q_proj,17,layers_16_23,q_proj,attention,4096,4096,16777216,6.732489055139013e-06,0.018648376688361168,0.014022551476955414,0.20703125,0.0006112456321716309,1.1296125650405884,2.3644678592681885,1.1927142143249512,1.7758396863937378,-0.0022426206687669037,0.48069598067866104,0.31414610147476196,16.125,0.8100816309452057
121,model.layers.17.self_attn.k_proj,17,layers_16_23,k_proj,attention,4096,1024,4194304,4.483233624341665e-06,0.026966871693730354,0.020543089136481285,0.361328125,0.0005745887756347656,1.6605693101882935,2.855558156967163,0.8585330843925476,1.616745948791504,-0.0022426206687669037,0.48069598067866104,0.31414610147476196,16.125,0.7261084914207458
122,model.layers.17.self_attn.v_proj,17,layers_16_23,v_proj,attention,4096,1024,4194304,-3.285615548520582e-07,0.010546239092946053,0.008257990702986717,0.07763671875,7.104873657226562e-05,0.6682462692260742,0.8699451684951782,0.3359646797180176,0.4155537486076355,-0.0022426206687669037,0.48069598067866104,0.31414610147476196,16.125,0.8870046734809875
123,model.layers.17.self_attn.o_proj,17,layers_16_23,o_proj,attention,4096,4096,16777216,1.4038455447007436e-06,0.011202759109437466,0.00873325765132904,0.46875,0.00025665760040283203,0.7150481939315796,3.5857348442077637,0.7053318619728088,1.267816185951233,-0.0006966778664718731,0.07858315553950412,0.047952615190297365,1.6640625,0.29889267683029175
124,model.layers.17.mlp.gate_proj,17,layers_16_23,gate_proj,mlp,4096,14336,58720256,-3.965961514040828e-05,0.01506132259964943,0.011724980548024178,0.3984375,0.0003867830673698336,0.9442915916442871,2.8824610710144043,1.8030363321304321,2.5660862922668457,0.0010367844424763462,0.3331519522666369,0.25589359924197197,8.375,0.8188560009002686
125,model.layers.17.mlp.up_proj,17,layers_16_23,up_proj,mlp,4096,14336,58720256,-1.7754722421159386e-06,0.011969431303441525,0.00949203409254551,0.31640625,3.3770287700463086e-05,0.7646104693412781,1.4095854759216309,1.4321237802505493,1.479453444480896,0.0010367844424763462,0.3331519522666369,0.25589359924197197,8.375,0.8527089655399323
126,model.layers.17.mlp.down_proj,17,layers_16_23,down_proj,mlp,14336,4096,58720256,2.819979044943466e-06,0.0118674635887146,0.00938861072063446,0.6171875,7.232597999973223e-05,1.417352557182312,4.240389823913574,0.758351743221283,1.068848729133606,-6.674661830987003e-05,0.06177706299856495,0.03545378467866352,10.125,0.19501770394189016
127,model.layers.18.self_attn.q_proj,18,layers_16_23,q_proj,attention,4096,4096,16777216,8.639329962534248e-07,0.018368136137723923,0.014065239578485489,0.2138671875,0.0003223419189453125,1.1327030658721924,2.5366995334625244,1.174359679222107,1.7506721019744873,-0.0015364271584985545,0.4928719508241447,0.3269504513591528,16.25,0.817852646112442
128,model.layers.18.self_attn.k_proj,18,layers_16_23,k_proj,attention,4096,1024,4194304,-2.8031445253873244e-05,0.027613846585154533,0.021115783601999283,0.283203125,0.00048613548278808594,1.709413766860962,2.514298677444458,0.8789858222007751,1.7541210651397705,-0.0015364271584985545,0.4928719508241447,0.3269504513591528,16.25,0.7307197451591492
129,model.layers.18.self_attn.v_proj,18,layers_16_23,v_proj,attention,4096,1024,4194304,5.695779691450298e-06,0.009633841924369335,0.007501124404370785,0.0869140625,0.00027060508728027344,0.6119565367698669,0.8944659233093262,0.30633988976478577,0.5287762880325317,-0.0015364271584985545,0.4928719508241447,0.3269504513591528,16.25,0.9010867178440094
130,model.layers.18.self_attn.o_proj,18,layers_16_23,o_proj,attention,4096,4096,16777216,1.1498270851006964e-06,0.010940042324364185,0.008594886399805546,0.828125,0.0002745389938354492,0.6982075572013855,3.2310166358947754,0.6933690309524536,1.255176067352295,-0.0004945292930642609,0.06031230040525712,0.030980420531705022,2.390625,0.17097806930541992
131,model.layers.18.mlp.gate_proj,18,layers_16_23,gate_proj,mlp,4096,14336,58720256,-4.198923761578044e-06,0.015099541284143925,0.011810808442533016,0.515625,0.00029856819310225546,0.9500259160995483,2.774599552154541,1.8076517581939697,2.516069173812866,0.000766209198445722,0.3398221904276132,0.2631334252655506,7.53125,0.8232022523880005
132,model.layers.18.mlp.up_proj,18,layers_16_23,up_proj,mlp,4096,14336,58720256,1.1767704108933685e-06,0.011915246956050396,0.009467029012739658,0.236328125,2.2547585103893653e-05,0.7616406679153442,1.217829704284668,1.4257289171218872,1.4777491092681885,0.000766209198445722,0.3398221904276132,0.2631334252655506,7.53125,0.8578419387340546
133,model.layers.18.mlp.down_proj,18,layers_16_23,down_proj,mlp,14336,4096,58720256,-2.447941824357258e-06,0.011840018443763256,0.009388239122927189,0.7890625,4.0275710489368066e-05,1.4134705066680908,4.012444496154785,0.7569164633750916,0.9451742172241211,0.00012013022894409784,0.061324762627472953,0.03430322198463338,8.75,0.1850428240639823
134,model.layers.19.self_attn.q_proj,19,layers_16_23,q_proj,attention,4096,4096,16777216,-3.6835740502283443e-06,0.018348444253206253,0.014024236239492893,0.265625,0.0004329085350036621,1.1293481588363647,2.2687366008758545,1.1735188961029053,1.8650598526000977,0.0004383059640531428,0.49245605987045005,0.3293923996388912,15.5,0.8189335763454437
135,model.layers.19.self_attn.k_proj,19,layers_16_23,k_proj,attention,4096,1024,4194304,3.7209833863016684e-06,0.026457153260707855,0.020297423005104065,0.302734375,0.0004394054412841797,1.642702341079712,2.712722063064575,0.8433383703231812,1.6274229288101196,0.0004383059640531428,0.49245605987045005,0.3293923996388912,15.5,0.7417290210723877
136,model.layers.19.self_attn.v_proj,19,layers_16_23,v_proj,attention,4096,1024,4194304,3.6954738789063413e-06,0.010153984650969505,0.007907235063612461,0.1025390625,0.0001246929168701172,0.6417613625526428,0.8182591795921326,0.3233983814716339,0.5860544443130493,0.0004383059640531428,0.49245605987045005,0.3293923996388912,15.5,0.8965060114860535
137,model.layers.19.self_attn.o_proj,19,layers_16_23,o_proj,attention,4096,4096,16777216,1.4300253496912774e-06,0.011076316237449646,0.00872778706252575,0.5703125,0.00014090538024902344,0.7071963548660278,3.1823959350585938,0.704078197479248,1.1779204607009888,-9.578625326867041e-05,0.05583440974927978,0.028317472664639354,2.390625,0.1467491090297699
138,model.layers.19.mlp.gate_proj,19,layers_16_23,gate_proj,mlp,4096,14336,58720256,-2.6554096621111967e-05,0.015181687660515308,0.011901640333235264,0.46875,0.0002753734588623047,0.9569167494773865,2.862804651260376,1.8175384998321533,2.5079634189605713,0.0023164100011854316,0.34705523655676146,0.2693074233829975,8.0,0.8262529969215393
139,model.layers.19.mlp.up_proj,19,layers_16_23,up_proj,mlp,4096,14336,58720256,-2.181686113544856e-06,0.011876139789819717,0.009443501010537148,0.279296875,2.1014895537518896e-05,0.7593597769737244,1.0333621501922607,1.4210971593856812,1.4661905765533447,0.0023164100011854316,0.34705523655676146,0.2693074233829975,8.0,0.8613041639328003
140,model.layers.19.mlp.down_proj,19,layers_16_23,down_proj,mlp,14336,4096,58720256,-6.499521987279877e-08,0.011823236010968685,0.009379712864756584,0.8203125,3.2901763916015625e-05,1.411769151687622,3.5513110160827637,0.7560044527053833,0.9571988582611084,0.0001666434396351438,0.062198502060088985,0.034847913176885674,11.4375,0.19004916293280466
141,model.layers.20.self_attn.q_proj,20,layers_16_23,q_proj,attention,4096,4096,16777216,-4.169484782323707e-06,0.018139133229851723,0.013800136744976044,0.240234375,0.0004178285598754883,1.1113256216049194,2.2395036220550537,1.1599297523498535,1.94978928565979,0.0001584793308211374,0.5068539605512237,0.33213678188622,17.25,0.8214408457279205
142,model.layers.20.self_attn.k_proj,20,layers_16_23,k_proj,attention,4096,1024,4194304,1.4318448847916443e-05,0.026062825694680214,0.01991022191941738,0.31640625,0.0006160736083984375,1.61887526512146,2.807849407196045,0.8290151357650757,1.6731816530227661,0.0001584793308211374,0.5068539605512237,0.33213678188622,17.25,0.7458334863185883
143,model.layers.20.self_attn.v_proj,20,layers_16_23,v_proj,attention,4096,1024,4194304,6.265690899454057e-06,0.01069943793118,0.00835453625768423,0.0859375,0.00011658668518066406,0.6780690550804138,0.910138726234436,0.3411220908164978,0.4653378427028656,0.0001584793308211374,0.5068539605512237,0.33213678188622,17.25,0.8904711604118347
144,model.layers.20.self_attn.o_proj,20,layers_16_23,o_proj,attention,4096,4096,16777216,-1.327403765571944e-06,0.010980905033648014,0.008637676946818829,0.609375,0.000264585018157959,0.700643002986908,3.242640972137451,0.6988199353218079,1.0686638355255127,0.000498979033636715,0.05470733639644977,0.028991807135753334,1.875,0.15503990650177002
145,model.layers.20.mlp.gate_proj,20,layers_16_23,gate_proj,mlp,4096,14336,58720256,-3.0481922294711694e-05,0.015171630308032036,0.011918185278773308,0.400390625,0.00023453576432075351,0.9579473733901978,2.753207206726074,1.8163280487060547,2.427048683166504,0.002478099089785246,0.35724776511441914,0.277600284665823,8.1875,0.831290990114212
146,model.layers.20.mlp.up_proj,20,layers_16_23,up_proj,mlp,4096,14336,58720256,-3.262146265115007e-06,0.011916832067072392,0.00947898905724287,0.28515625,2.070835580525454e-05,0.7620049715042114,1.3678600788116455,1.4259053468704224,1.4739888906478882,0.002478099089785246,0.35724776511441914,0.277600284665823,8.1875,0.8652574419975281
147,model.layers.20.mlp.down_proj,20,layers_16_23,down_proj,mlp,14336,4096,58720256,-3.1758725071995286e-06,0.011868977919220924,0.009421572089195251,0.45703125,3.2986914447974414e-05,1.417651891708374,3.26068377494812,0.7589634656906128,0.9121145009994507,5.3956539756784745e-06,0.06366688617911384,0.03579298087528774,11.1875,0.1971919195992606
148,model.layers.21.self_attn.q_proj,21,layers_16_23,q_proj,attention,4096,4096,16777216,-5.367550329538062e-06,0.017917338758707047,0.013795062899589539,0.224609375,0.00031769275665283203,1.1109980344772339,2.7250311374664307,1.1459472179412842,1.7908443212509155,0.0008749062526476337,0.5004707017858885,0.3292387332767248,16.5,0.8205187618732452
149,model.layers.21.self_attn.k_proj,21,layers_16_23,k_proj,attention,4096,1024,4194304,-1.351062655885471e-05,0.026253845542669296,0.020252084359526634,0.337890625,0.00043773651123046875,1.6389286518096924,2.450817584991455,0.8358581066131592,1.9697792530059814,0.0008749062526476337,0.5004707017858885,0.3292387332767248,16.5,0.740572452545166
150,model.layers.21.self_attn.v_proj,21,layers_16_23,v_proj,attention,4096,1024,4194304,5.015672286390327e-06,0.011005756445229053,0.00859706848859787,0.1240234375,0.00024247169494628906,0.6978307962417603,0.8859810829162598,0.35081321001052856,0.5509177446365356,0.0008749062526476337,0.5004707017858885,0.3292387332767248,16.5,0.8867262601852417
151,model.layers.21.self_attn.o_proj,21,layers_16_23,o_proj,attention,4096,4096,16777216,-8.345248261321103e-07,0.011233617551624775,0.008795411325991154,0.294921875,0.0002936720848083496,0.7168896794319153,2.401790142059326,0.7146614193916321,1.0132555961608887,-0.0006563244573953853,0.07862523961214449,0.04188904399052262,2.578125,0.23424416780471802
152,model.layers.21.mlp.gate_proj,21,layers_16_23,gate_proj,mlp,4096,14336,58720256,-2.1554607883444987e-05,0.015275334939360619,0.01199951209127903,0.546875,0.00025544848176650703,0.9647854566574097,2.617288112640381,1.8287214040756226,2.5278851985931396,0.0020027819273309433,0.37083398872223444,0.28791020065546036,7.875,0.8360753357410431
153,model.layers.21.mlp.up_proj,21,layers_16_23,up_proj,mlp,4096,14336,58720256,-1.9865944977937033e-07,0.011954985558986664,0.009506904520094395,0.54296875,2.530642996134702e-05,0.7644296884536743,1.0579863786697388,1.4305074214935303,1.4792333841323853,0.0020027819273309433,0.37083398872223444,0.28791020065546036,7.875,0.8695311844348907
154,model.layers.21.mlp.down_proj,21,layers_16_23,down_proj,mlp,14336,4096,58720256,9.893782362269121e-07,0.011905807070434093,0.00944654829800129,0.828125,3.984996146755293e-05,1.4221504926681519,3.0430901050567627,0.7612766623497009,1.029261827468872,1.6289280600696137e-05,0.07080720276265264,0.03905338714165347,19.0,0.22003338166645595
155,model.layers.22.self_attn.q_proj,22,layers_16_23,q_proj,attention,4096,4096,16777216,-5.315484941093018e-06,0.01745646633207798,0.013473697006702423,0.228515625,0.0002199411392211914,1.0856949090957642,2.606295585632324,1.116368055343628,1.7027652263641357,0.000578981887883856,0.5271149828403869,0.34138459898531437,17.625,0.8296341598033905
156,model.layers.22.self_attn.k_proj,22,layers_16_23,k_proj,attention,4096,1024,4194304,3.661885784822516e-06,0.025610612705349922,0.019652459770441055,0.341796875,0.0004978179931640625,1.5954684019088745,2.3303074836730957,0.8150081634521484,1.752293348312378,0.000578981887883856,0.5271149828403869,0.34138459898531437,17.625,0.7547523677349091
157,model.layers.22.self_attn.v_proj,22,layers_16_23,v_proj,attention,4096,1024,4194304,-4.372477633296512e-06,0.011607855558395386,0.00911271944642067,0.107421875,0.0001747608184814453,0.7397060394287109,0.8710075616836548,0.3693115711212158,0.607292890548706,0.000578981887883856,0.5271149828403869,0.34138459898531437,17.625,0.8838449418544769
158,model.layers.22.self_attn.o_proj,22,layers_16_23,o_proj,attention,4096,4096,16777216,1.3338345752345049e-06,0.011445092037320137,0.009051747620105743,0.330078125,8.875131607055664e-05,0.7308450937271118,2.761850357055664,0.7301400899887085,1.0471258163452148,-0.00032298303904099157,0.06350020238014062,0.03166409605182707,2.65625,0.15667077898979187
159,model.layers.22.mlp.gate_proj,22,layers_16_23,gate_proj,mlp,4096,14336,58720256,-2.2862901460030116e-05,0.015267440117895603,0.012032621540129185,0.396484375,0.00018840176926460117,0.9666581153869629,2.398115396499634,1.8277678489685059,2.5603320598602295,0.002535118215746479,0.3782276231663206,0.294795136898756,8.375,0.8402535617351532
160,model.layers.22.mlp.up_proj,22,layers_16_23,up_proj,mlp,4096,14336,58720256,-3.878289589920314e-06,0.01199131179600954,0.009544185362756252,0.189453125,1.665523996052798e-05,0.7669300436973572,1.0649827718734741,1.4348783493041992,1.4808056354522705,0.002535118215746479,0.3782276231663206,0.294795136898756,8.375,0.872251957654953
161,model.layers.22.mlp.down_proj,22,layers_16_23,down_proj,mlp,14336,4096,58720256,1.2280189594093827e-06,0.011945003643631935,0.009482537396252155,0.58984375,2.0044190023327246e-05,1.42583429813385,2.915226936340332,0.7639375329017639,0.9088472723960876,0.00011494887972470938,0.07195286223660306,0.039484896031873565,18.0,0.2222086020878383
162,model.layers.23.self_attn.q_proj,23,layers_16_23,q_proj,attention,4096,4096,16777216,8.685571629030164e-06,0.017475862056016922,0.013472850434482098,0.232421875,0.00025725364685058594,1.08688485622406,2.292715072631836,1.1173112392425537,1.9094656705856323,0.0015890377699179226,0.5151912793719519,0.34647376276552677,15.5625,0.8343239426612854
163,model.layers.23.self_attn.k_proj,23,layers_16_23,k_proj,attention,4096,1024,4194304,3.8034886529203504e-07,0.025492243468761444,0.01963556557893753,0.470703125,0.0004973411560058594,1.5979716777801514,2.2676353454589844,0.8109788298606873,1.8016000986099243,0.0015890377699179226,0.5151912793719519,0.34647376276552677,15.5625,0.7612926065921783
164,model.layers.23.self_attn.v_proj,23,layers_16_23,v_proj,attention,4096,1024,4194304,-6.215539542608894e-06,0.012219930998980999,0.009625125676393509,0.123046875,0.00011134147644042969,0.7799002528190613,0.9060582518577576,0.3888769745826721,0.6195032596588135,0.0015890377699179226,0.5151912793719519,0.34647376276552677,15.5625,0.8805299401283264
165,model.layers.23.self_attn.o_proj,23,layers_16_23,o_proj,attention,4096,4096,16777216,2.8933727662661113e-06,0.01165737584233284,0.009246568195521832,0.38671875,5.835294723510742e-05,0.7443925142288208,2.6763522624969482,0.7443917989730835,0.9621946811676025,-0.00012529638422620337,0.057224578093761386,0.028024284867569804,3.0,0.1275199055671692
166,model.layers.23.mlp.gate_proj,23,layers_16_23,gate_proj,mlp,4096,14336,58720256,-2.5060278858290985e-05,0.015283682383596897,0.012054000981152058,0.451171875,0.0001645939628360793,0.9683771133422852,2.3497321605682373,1.8297057151794434,2.3890380859375,0.002981353776249307,0.38955456943640693,0.3038567639887333,7.9375,0.8438101410865784
167,model.layers.23.mlp.up_proj,23,layers_16_23,up_proj,mlp,4096,14336,58720256,2.8828179665651987e-07,0.012031268328428268,0.00957720447331667,0.1953125,1.772812356648501e-05,0.7695810198783875,1.3020458221435547,1.4395595788955688,1.4843006134033203,0.002981353776249307,0.38955456943640693,0.3038567639887333,7.9375,0.8753575086593628
168,model.layers.23.mlp.down_proj,23,layers_16_23,down_proj,mlp,14336,4096,58720256,-1.0658404789865017e-06,0.011988459154963493,0.00951786246150732,0.63671875,1.660415182413999e-05,1.4305577278137207,2.751544713973999,0.766816258430481,1.0003094673156738,0.00013496019586714932,0.0729429942303941,0.03998268927846636,14.625,0.2253545437540327
169,model.layers.24.self_attn.q_proj,24,layers_24_31,q_proj,attention,4096,4096,16777216,4.03925878345035e-06,0.017184214666485786,0.013204286806285381,0.2412109375,0.00030493736267089844,1.0661797523498535,2.48527193069458,1.0985385179519653,1.8701575994491577,0.0016549021420360077,0.5251993566292861,0.3490757830440998,16.375,0.8372447788715363
170,model.layers.24.self_attn.k_proj,24,layers_24_31,k_proj,attention,4096,1024,4194304,-6.688853773084702e-06,0.024274250492453575,0.018371302634477615,0.328125,0.0007729530334472656,1.5020391941070557,2.394052743911743,0.7712244987487793,2.1021246910095215,0.0016549021420360077,0.5251993566292861,0.3490757830440998,16.375,0.7767044007778168
171,model.layers.24.self_attn.v_proj,24,layers_24_31,v_proj,attention,4096,1024,4194304,-7.428264325426426e-06,0.013326193206012249,0.010393180884420872,0.119140625,0.00021600723266601562,0.8454629778862,1.0643123388290405,0.42408767342567444,0.7234335541725159,0.0016549021420360077,0.5251993566292861,0.3490757830440998,16.375,0.8713243305683136
172,model.layers.24.self_attn.o_proj,24,layers_24_31,o_proj,attention,4096,4096,16777216,3.816879257101391e-07,0.012157867662608624,0.009622328914701939,0.298828125,6.145238876342773e-05,0.7770515084266663,2.502042531967163,0.7747430801391602,1.4248350858688354,0.0006319863407497905,0.06597006425565251,0.030037400778383017,3.5625,0.12841901183128357
173,model.layers.24.mlp.gate_proj,24,layers_24_31,gate_proj,mlp,4096,14336,58720256,-2.5027407900779508e-05,0.015338309109210968,0.012100888416171074,0.5234375,0.000170384140801616,0.9722426533699036,2.474236249923706,1.8362348079681396,2.314582109451294,0.0031326337034442986,0.39908196527050016,0.3117239437997341,8.4375,0.8475992679595947
174,model.layers.24.mlp.up_proj,24,layers_24_31,up_proj,mlp,4096,14336,58720256,-1.0590466672510956e-06,0.012071690522134304,0.009609260596334934,0.353515625,1.8835067749023438e-05,0.7721807360649109,1.551401972770691,1.444455623626709,1.4896740913391113,0.0031326337034442986,0.39908196527050016,0.3117239437997341,8.4375,0.8777970969676971
175,model.layers.24.mlp.down_proj,24,layers_24_31,down_proj,mlp,14336,4096,58720256,-6.815943152105319e-07,0.012035438790917397,0.009557281620800495,0.59765625,1.4662742614746094e-05,1.436092495918274,2.6898746490478516,0.7698268294334412,0.9372166991233826,-4.349282595025475e-06,0.07587748478837993,0.04116790395762239,17.125,0.23071545362472534
176,model.layers.25.self_attn.q_proj,25,layers_24_31,q_proj,attention,4096,4096,16777216,-2.231059852420003e-06,0.016937412321567535,0.013075749389827251,0.2314453125,0.00034362077713012695,1.0574742555618286,2.4902656078338623,1.082249402999878,1.8564164638519287,0.0011629028049355838,0.5270857214437223,0.3555037025362253,15.0625,0.8428064584732056
177,model.layers.25.self_attn.k_proj,25,layers_24_31,k_proj,attention,4096,1024,4194304,1.9366056221770123e-05,0.024203980341553688,0.018305767327547073,0.43359375,0.000629425048828125,1.4943244457244873,2.151902198791504,0.7705339193344116,1.8656461238861084,0.0011629028049355838,0.5270857214437223,0.3555037025362253,15.0625,0.7825210690498352
178,model.layers.25.self_attn.v_proj,25,layers_24_31,v_proj,attention,4096,1024,4194304,-8.61003172758501e-07,0.013389717787504196,0.01049407571554184,0.134765625,0.00034618377685546875,0.8526723980903625,1.03663969039917,0.42599448561668396,0.7578733563423157,0.0011629028049355838,0.5270857214437223,0.3555037025362253,15.0625,0.8734826743602753
179,model.layers.25.self_attn.o_proj,25,layers_24_31,o_proj,attention,4096,4096,16777216,1.2104655979783274e-06,0.01220436580479145,0.009632487781345844,0.388671875,0.00014728307723999023,0.7800084948539734,2.792454481124878,0.7782326936721802,1.0695438385009766,0.0002751635652202822,0.06928325929372808,0.03241142979823053,3.25,0.1434670090675354
180,model.layers.25.mlp.gate_proj,25,layers_24_31,gate_proj,mlp,4096,14336,58720256,-1.710446122160647e-05,0.015435890294611454,0.01216540951281786,0.3671875,0.00020054409105796367,0.9775952100753784,2.3825340270996094,1.8479424715042114,2.2343859672546387,0.0027549352607820765,0.4110732133391127,0.32085100561380386,8.75,0.8509072661399841
181,model.layers.25.mlp.up_proj,25,layers_24_31,up_proj,mlp,4096,14336,58720256,-3.950667064600566e-07,0.012154243886470795,0.009674317203462124,0.234375,2.4318695068359375e-05,0.7774967551231384,1.0461009740829468,1.4544143676757812,1.499487280845642,0.0027549352607820765,0.4110732133391127,0.32085100561380386,8.75,0.8810697197914124
182,model.layers.25.mlp.down_proj,25,layers_24_31,down_proj,mlp,14336,4096,58720256,1.9115375948786095e-07,0.01211716327816248,0.009621856734156609,0.70703125,1.4594623280572705e-05,1.4460136890411377,2.3809995651245117,0.7750222086906433,0.9649600386619568,0.00014885279201085462,0.07965560044078611,0.04309519460158689,18.25,0.24054025752203806
183,model.layers.26.self_attn.q_proj,26,layers_24_31,q_proj,attention,4096,4096,16777216,-1.1394417924748268e-06,0.01703163981437683,0.013112200424075127,0.232421875,0.0003484487533569336,1.0602713823318481,2.609961748123169,1.0877606868743896,2.2037835121154785,0.00038957238211878575,0.5187080474790405,0.34267147816717625,15.5625,0.8353000283241272
184,model.layers.26.self_attn.k_proj,26,layers_24_31,k_proj,attention,4096,1024,4194304,-4.5124015741748735e-06,0.024887561798095703,0.018779870122671127,0.353515625,0.0008013248443603516,1.5375882387161255,2.3819427490234375,0.7891921401023865,1.8731540441513062,0.00038957238211878575,0.5187080474790405,0.34267147816717625,15.5625,0.7676445543766022
185,model.layers.26.self_attn.v_proj,26,layers_24_31,v_proj,attention,4096,1024,4194304,-5.993162631057203e-06,0.013975460082292557,0.01096496731042862,0.19921875,0.0001595020294189453,0.8915476202964783,1.0412338972091675,0.4450379014015198,0.5798875689506531,0.00038957238211878575,0.5187080474790405,0.34267147816717625,15.5625,0.8620957434177399
186,model.layers.26.self_attn.o_proj,26,layers_24_31,o_proj,attention,4096,4096,16777216,1.3121157280693296e-06,0.012421995401382446,0.009800485335290432,0.33984375,8.934736251831055e-05,0.7927918434143066,3.439155101776123,0.7899398803710938,0.9897782206535339,0.0008784952933638124,0.09170881203394324,0.049101124284788966,3.390625,0.24587926268577576
187,model.layers.26.mlp.gate_proj,26,layers_24_31,gate_proj,mlp,4096,14336,58720256,-1.779753074515611e-05,0.015535341575741768,0.012196640484035015,0.423828125,0.00029390197596512735,0.980281412601471,2.414198875427246,1.8598864078521729,2.225684642791748,0.001834530706219084,0.4260333132280588,0.3326507043093443,9.75,0.8563635349273682
188,model.layers.26.mlp.up_proj,26,layers_24_31,up_proj,mlp,4096,14336,58720256,-1.0455648862262024e-06,0.012238041497766972,0.009740130975842476,0.33203125,2.0452907847356983e-05,0.7827638387680054,1.0216052532196045,1.464468240737915,1.5052940845489502,0.001834530706219084,0.4260333132280588,0.3326507043093443,9.75,0.884174257516861
189,model.layers.26.mlp.down_proj,26,layers_24_31,down_proj,mlp,14336,4096,58720256,-2.4932217002060497e-06,0.01220227312296629,0.00968413706868887,0.69921875,1.2942722605657764e-05,1.4555160999298096,2.6175272464752197,0.7802901864051819,1.0645686388015747,0.00027235366288940507,0.08630224580459134,0.0468980252210583,17.375,0.2642568179539272
190,model.layers.27.self_attn.q_proj,27,layers_24_31,q_proj,attention,4096,4096,16777216,-7.269373782037292e-06,0.016741450875997543,0.012866438366472721,0.224609375,0.00036269426345825195,1.0411715507507324,2.6461706161499023,1.069331407546997,2.098235845565796,-0.00010981096784234978,0.5284206212765712,0.36108423396945,15.375,0.8477069437503815
191,model.layers.27.self_attn.k_proj,27,layers_24_31,k_proj,attention,4096,1024,4194304,-9.534597666061018e-06,0.02457011677324772,0.01842760667204857,0.408203125,0.0009832382202148438,1.5118894577026367,2.304719924926758,0.7779070138931274,2.257629156112671,-0.00010981096784234978,0.5284206212765712,0.36108423396945,15.375,0.7847366333007812
192,model.layers.27.self_attn.v_proj,27,layers_24_31,v_proj,attention,4096,1024,4194304,-2.032710654020775e-06,0.01494216825813055,0.011605370789766312,0.2578125,0.0006043910980224609,0.9461658596992493,1.2039378881454468,0.47471004724502563,0.9325587749481201,-0.00010981096784234978,0.5284206212765712,0.36108423396945,15.375,0.8626219630241394
193,model.layers.27.self_attn.o_proj,27,layers_24_31,o_proj,attention,4096,4096,16777216,1.4689011322843726e-06,0.01272986177355051,0.010038705542683601,0.484375,9.387731552124023e-05,0.8121964335441589,4.419855117797852,0.8105973601341248,1.1228704452514648,0.00011301402673780103,0.106022527382274,0.05328240152448416,3.3125,0.23909878730773926
194,model.layers.27.mlp.gate_proj,27,layers_24_31,gate_proj,mlp,4096,14336,58720256,-1.5846633687033318e-05,0.015650298446416855,0.012249763123691082,0.412109375,0.00033395629725418985,0.9845267534255981,2.201260805130005,1.8736132383346558,2.3696646690368652,0.001478155652876012,0.441968546969368,0.3457109350711107,10.75,0.8609294593334198
195,model.layers.27.mlp.up_proj,27,layers_24_31,up_proj,mlp,4096,14336,58720256,-1.244460690941196e-06,0.012368091382086277,0.009840903803706169,0.21484375,2.658367156982422e-05,0.7909329533576965,1.0991950035095215,1.4802634716033936,1.5299485921859741,0.001478155652876012,0.441968546969368,0.3457109350711107,10.75,0.8878271281719208
196,model.layers.27.mlp.down_proj,27,layers_24_31,down_proj,mlp,14336,4096,58720256,1.5478897807952308e-07,0.012309073470532894,0.009769969619810581,0.53125,1.360688929707976e-05,1.4689390659332275,2.530142307281494,0.7868513464927673,1.011592984199524,-0.00040990523887428153,0.10212721515096729,0.05184700499687876,18.875,0.28736424446105957
197,model.layers.28.self_attn.q_proj,28,layers_24_31,q_proj,attention,4096,4096,16777216,6.753981551810284e-07,0.016697578132152557,0.012888966128230095,0.279296875,0.00028395652770996094,1.0400352478027344,2.250669479370117,1.0665501356124878,1.961614727973938,-0.0007445946721418295,0.5224088987787356,0.35655607283115387,15.125,0.8472545146942139
198,model.layers.28.self_attn.k_proj,28,layers_24_31,k_proj,attention,4096,1024,4194304,6.234160991880344e-07,0.023394986987113953,0.018040606752038002,0.30078125,0.0006344318389892578,1.4710389375686646,2.0674753189086914,0.7417880296707153,1.8013279438018799,-0.0007445946721418295,0.5224088987787356,0.35655607283115387,15.125,0.7886196374893188
199,model.layers.28.self_attn.v_proj,28,layers_24_31,v_proj,attention,4096,1024,4194304,6.099725851527182e-06,0.015454135835170746,0.012091497890651226,0.169921875,0.00018644332885742188,0.9838248491287231,1.140580177307129,0.4920562505722046,0.6805151700973511,-0.0007445946721418295,0.5224088987787356,0.35655607283115387,15.125,0.8566356599330902
200,model.layers.28.self_attn.o_proj,28,layers_24_31,o_proj,attention,4096,4096,16777216,1.7627709212320042e-06,0.013057447038590908,0.010254212655127048,0.62109375,9.226799011230469e-05,0.8329411149024963,4.494017601013184,0.8275048732757568,1.1305640935897827,-0.0005014776631924178,0.10920876980007516,0.06035291962325573,3.875,0.2883191406726837
201,model.layers.28.mlp.gate_proj,28,layers_24_31,gate_proj,mlp,4096,14336,58720256,-1.624772085051518e-05,0.015557791106402874,0.012137568555772305,0.490234375,0.0004024335357826203,0.9759224653244019,2.198056936264038,1.8624647855758667,2.3323965072631836,0.00045791825687047094,0.46306172545331153,0.36084395833313465,10.0625,0.8671826422214508
202,model.layers.28.mlp.up_proj,28,layers_24_31,up_proj,mlp,4096,14336,58720256,-8.44341130346038e-08,0.012586800381541252,0.010006756521761417,0.392578125,2.7060508728027344e-05,0.8044301271438599,1.3341697454452515,1.5063761472702026,1.7162033319473267,0.00045791825687047094,0.46306172545331153,0.36084395833313465,10.0625,0.8902961313724518
203,model.layers.28.mlp.down_proj,28,layers_24_31,down_proj,mlp,14336,4096,58720256,-2.187615109505714e-06,0.01247918326407671,0.00989410001784563,0.66796875,1.9056456949329004e-05,1.4892265796661377,2.735302448272705,0.7969927787780762,1.1769962310791016,-0.0002872971005802226,0.11326187367179702,0.06032812249447618,22.25,0.32327654532023836
204,model.layers.29.self_attn.q_proj,29,layers_24_31,q_proj,attention,4096,4096,16777216,-1.6155536286532879e-06,0.016665615141391754,0.012882068753242493,0.30859375,0.0004271864891052246,1.0434973239898682,2.1184661388397217,1.062762975692749,2.2211358547210693,-0.001029912589729065,0.5226928971973597,0.37527832575142384,12.0,0.8577423989772797
205,model.layers.29.self_attn.k_proj,29,layers_24_31,k_proj,attention,4096,1024,4194304,-1.1891934263985604e-05,0.02452835440635681,0.018840502947568893,0.400390625,0.0005617141723632812,1.531461238861084,3.5995330810546875,0.779325008392334,1.9016029834747314,-0.001029912589729065,0.5226928971973597,0.37527832575142384,12.0,0.7945610284805298
206,model.layers.29.self_attn.v_proj,29,layers_24_31,v_proj,attention,4096,1024,4194304,5.42849238627241e-06,0.01601250283420086,0.012525071389973164,0.25390625,0.0003693103790283203,1.019565224647522,1.2031455039978027,0.5101620554924011,0.810073733329773,-0.001029912589729065,0.5226928971973597,0.37527832575142384,12.0,0.8621479570865631
207,model.layers.29.self_attn.o_proj,29,layers_24_31,o_proj,attention,4096,4096,16777216,-1.5841536651350907e-06,0.013438939116895199,0.010600803419947624,0.353515625,7.95125961303711e-05,0.8577657341957092,3.806731700897217,0.8545900583267212,1.1740127801895142,0.0013107061156460986,0.1336765764525304,0.0671209366992116,4.625,0.28183937072753906
208,model.layers.29.mlp.gate_proj,29,layers_24_31,gate_proj,mlp,4096,14336,58720256,-2.2085541786509566e-05,0.015524002723395824,0.012056098319590092,0.47265625,0.000504612922668457,0.9697068333625793,3.079160213470459,1.8583039045333862,2.692896604537964,-0.00026611842713464284,0.47577189109655355,0.3711282629519701,12.625,0.8716214895248413
209,model.layers.29.mlp.up_proj,29,layers_24_31,up_proj,mlp,4096,14336,58720256,4.573187197820516e-06,0.012870674952864647,0.010224292986094952,0.38671875,3.2203537557506934e-05,0.8218101859092712,1.9342879056930542,1.5404422283172607,2.089142084121704,-0.00026611842713464284,0.47577189109655355,0.3711282629519701,12.625,0.8909914791584015
210,model.layers.29.mlp.down_proj,29,layers_24_31,down_proj,mlp,14336,4096,58720256,-3.5272626064397627e-06,0.012647842057049274,0.01001152116805315,0.734375,2.9717173674725927e-05,1.5102465152740479,2.795759916305542,0.8063182830810547,1.5177103281021118,0.00048345850752541864,0.13722568104216137,0.07075982913374901,27.875,0.3560538717678615
211,model.layers.30.self_attn.q_proj,30,layers_24_31,q_proj,attention,4096,4096,16777216,1.8344208001508377e-06,0.015847034752368927,0.011957230977714062,0.263671875,0.0007381439208984375,0.9690501689910889,2.3622984886169434,1.008591890335083,2.435185432434082,-0.002041929084043659,0.5225113381478705,0.36048413068056107,14.0625,0.8602049052715302
212,model.layers.30.self_attn.k_proj,30,layers_24_31,k_proj,attention,4096,1024,4194304,1.9980236174887978e-05,0.02138269692659378,0.016039762645959854,0.359375,0.0015575885772705078,1.3294410705566406,2.1632604598999023,0.6684058904647827,2.3361871242523193,-0.002041929084043659,0.5225113381478705,0.36048413068056107,14.0625,0.8129080235958099
213,model.layers.30.self_attn.v_proj,30,layers_24_31,v_proj,attention,4096,1024,4194304,-1.2513546607806347e-05,0.019028255715966225,0.014745493419468403,0.20703125,0.0005128383636474609,1.2056409120559692,1.4932985305786133,0.6043586730957031,1.1017495393753052,-0.002041929084043659,0.5225113381478705,0.36048413068056107,14.0625,0.8276499509811401
214,model.layers.30.self_attn.o_proj,30,layers_24_31,o_proj,attention,4096,4096,16777216,7.861009407861275e-07,0.014314085245132446,0.011265548877418041,0.283203125,0.00011444091796875,0.9135783910751343,4.046375751495361,0.9086868166923523,1.1665656566619873,-0.0015893789468464092,0.15414020717500043,0.0937389936298132,2.609375,0.40645360946655273
215,model.layers.30.mlp.gate_proj,30,layers_24_31,gate_proj,mlp,4096,14336,58720256,-3.2390958949690685e-05,0.016057459637522697,0.012404167093336582,0.5859375,0.0005403757095336914,0.9982338547706604,2.2702219486236572,1.9215588569641113,2.8338656425476074,-0.001861534970885259,0.48115601867173935,0.37705924548208714,14.1875,0.8709342777729034
216,model.layers.30.mlp.up_proj,30,layers_24_31,up_proj,mlp,4096,14336,58720256,-9.108371159527451e-07,0.013133466243743896,0.01040570717304945,0.38671875,6.866455078125e-05,0.8368244171142578,2.1521520614624023,1.571598768234253,2.351142406463623,-0.001861534970885259,0.48115601867173935,0.37705924548208714,14.1875,0.8914822340011597
217,model.layers.30.mlp.down_proj,30,layers_24_31,down_proj,mlp,14336,4096,58720256,1.672398639129824e-06,0.012680375948548317,0.009998150169849396,0.43359375,7.88824909250252e-05,1.5167027711868286,2.677135467529297,0.80477374792099,1.6833423376083374,-0.0006627456711742395,0.20663250539981096,0.09677883397255625,31.0,0.42162556307656424
218,model.layers.31.self_attn.q_proj,31,layers_24_31,q_proj,attention,4096,4096,16777216,7.125440788513515e-07,0.017381038516759872,0.013231531716883183,0.419921875,0.0007010102272033691,1.0714077949523926,3.091412305831909,1.1052851676940918,3.922272205352783,-0.0013122329996804183,0.4382977387192123,0.3242739122360945,8.75,0.8338747620582581
219,model.layers.31.self_attn.k_proj,31,layers_24_31,k_proj,attention,4096,1024,4194304,8.866830285114702e-06,0.023648617789149284,0.01812731847167015,0.5703125,0.0008349418640136719,1.481889247894287,2.2327163219451904,0.7462669610977173,2.348188877105713,-0.0013122329996804183,0.4382977387192123,0.3242739122360945,8.75,0.7745751440525055
220,model.layers.31.self_attn.v_proj,31,layers_24_31,v_proj,attention,4096,1024,4194304,-1.2130829418310896e-05,0.016801558434963226,0.012972579337656498,0.3125,0.0005898475646972656,1.058161735534668,1.5333645343780518,0.5345903038978577,0.9357894659042358,-0.0013122329996804183,0.4382977387192123,0.3242739122360945,8.75,0.8368554711341858
221,model.layers.31.self_attn.o_proj,31,layers_24_31,o_proj,attention,4096,4096,16777216,4.800424903805833e-06,0.01406433992087841,0.010912157595157623,0.4375,0.000498354434967041,0.8924803137779236,2.2593188285827637,0.8907468318939209,1.2457923889160156,-0.0018557376261014724,0.2731002682907758,0.12696824595332146,7.0625,0.4516201317310333
222,model.layers.31.mlp.gate_proj,31,layers_24_31,gate_proj,mlp,4096,14336,58720256,-4.827126758755185e-05,0.01823343336582184,0.014049707911908627,0.76953125,0.0005882637924514711,1.1312891244888306,5.613180637359619,2.1773898601531982,3.4555721282958984,-0.00022176718994160183,0.40426711326815845,0.3193717207759619,14.1875,0.8301056623458862
223,model.layers.31.mlp.up_proj,31,layers_24_31,up_proj,mlp,4096,14336,58720256,-4.3173627091164235e-06,0.015014304779469967,0.011785845272243023,0.671875,0.0002696514129638672,0.9504672288894653,6.0111260414123535,1.79230797290802,3.082519054412842,-0.00022176718994160183,0.40426711326815845,0.3193717207759619,14.1875,0.8571379482746124
224,model.layers.31.mlp.down_proj,31,layers_24_31,down_proj,mlp,14336,4096,58720256,-1.5404565374410595e-06,0.01296568475663662,0.010104338638484478,0.546875,0.0001450606796424836,1.5503592491149902,3.717334032058716,0.8160399794578552,2.009073257446289,-0.004009263190839972,0.5147213447675312,0.1728410039629255,199.0,0.46805895226342337
