policy_id,split,policy_kind,sample_count,token_count,avg_nll,target_delta_nll,elapsed_seconds
p00,train,controlled,100,204800,2.459385094686584,0.0,29.145958477864042
p01,train,controlled,100,204800,2.5739108017274965,0.11452570704091247,24.340982873924077
p02,train,controlled,100,204800,3.341473541031017,0.882088446344433,24.70821667998098
p03,train,controlled,100,204800,4.158779651436115,1.6993945567495308,23.67994795087725
p04,train,controlled,100,204800,2.512763904971371,0.05337881028478675,25.36414354084991
p05,train,controlled,100,204800,2.4469205389348447,-0.012464555751739326,27.177414352074265
p06,train,controlled,100,204800,2.5104515381041397,0.05106644341755562,27.17343060299754
p07,train,controlled,100,204800,2.7805718525978063,0.3211867579112222,27.842815031064674
p08,train,controlled,100,204800,2.4410762808467443,-0.018308813839839733,27.941344418097287
p09,train,controlled,100,204800,2.477194374652865,0.01780927996628101,27.14729577791877
p10,train,controlled,100,204800,2.4994941898361542,0.04010909514957017,27.16540013300255
p11,train,controlled,100,204800,2.579382854764707,0.1199977600781228,29.004878917941824
p12,train,controlled,100,204800,2.4704138676233636,0.011028772936779507,26.655723680043593
p13,train,controlled,100,204800,2.461907897683269,0.0025228029966850585,27.72767685400322
p14,train,controlled,100,204800,2.470905745612196,0.011520650925612053,27.146380553022027
p15,train,controlled,100,204800,2.594429242157951,0.13504414747136684,26.569709542905912
p16,train,controlled,100,204800,2.464127207221041,0.00474211253445711,26.899484341032803
p17,train,controlled,100,204800,2.461507730491901,0.002122635805316797,27.064172432059422
p18,train,controlled,100,204800,2.464068526649638,0.0046834319630537635,27.22173930797726
p19,train,controlled,100,204800,2.640149880311522,0.18076478562493792,26.308995531871915
p20,train,controlled,100,204800,2.465217263693365,0.005832169006780852,27.21097694011405
p21,train,controlled,100,204800,2.4620548583837576,0.002669763697173533,26.59768429910764
p22,train,controlled,100,204800,2.8037840843402773,0.3443989896536932,26.735837905900553
p23,train,controlled,100,204800,3.1693968746433527,0.7100117799567687,26.294435624964535
p24,train,controlled,100,204800,2.4434890694293516,-0.015896025257232438,26.80319441203028
p25,train,controlled,100,204800,2.514547141755019,0.05516204706843508,26.390516139101237
p26,train,controlled,100,204800,2.670847303096232,0.2114622084096478,26.70690697687678
p27,train,controlled,100,204800,2.8700310887204576,0.4106459940338736,26.35316018317826
p28,train,controlled,100,204800,2.500347639303848,0.04096254461726412,27.70991531596519
p29,train,controlled,100,204800,2.4861263357310452,0.026741241044461184,28.050492835929617
p30,train,controlled,100,204800,2.6124646222619763,0.15307952757539223,30.319740959908813
p31,train,controlled,100,204800,2.7663225854057654,0.3069374907191813,28.591999406926334
p32,train,controlled,100,204800,2.4738348474857097,0.014449752799125637,26.823200079146773
p33,train,controlled,100,204800,2.4895207439506537,0.03013564926406964,26.329110088991
p34,train,controlled,100,204800,2.597365518141775,0.13798042345519113,30.7169692509342
p35,train,controlled,100,204800,2.748608333838358,0.2892232391517737,28.897915582871065
p36,train,controlled,100,204800,2.4737324329200874,0.014347338233503315,26.852429478196427
p37,train,balanced_mixed,100,204800,2.500940533542244,0.04155543885566004,27.03634391981177
p38,train,balanced_mixed,100,204800,2.6066387599453162,0.14725366525873218,33.00561300199479
p39,train,balanced_mixed,100,204800,2.582916699381488,0.12353160469490376,31.370333777042106
p40,train,balanced_mixed,100,204800,2.867362425637864,0.40797733095127997,29.678619083948433
p41,train,balanced_mixed,100,204800,2.84763243942043,0.38824734473384614,25.781803929945454
p42,train,balanced_mixed,100,204800,2.505744821153604,0.046359726467020135,26.98633071198128
p43,train,balanced_mixed,100,204800,2.539046853119694,0.07966175843310985,26.292896112892777
p44,train,balanced_mixed,100,204800,2.735374432331063,0.2759893376444791,30.2675248531159
p45,train,balanced_mixed,100,204800,2.7878963404847856,0.32851124579820157,29.155810929834843
p46,train,balanced_mixed,100,204800,2.9096852567841167,0.45030016209753265,26.159235690021887
p47,train,balanced_mixed,100,204800,2.5573725380500094,0.09798744336342535,30.981759393122047
p48,train,balanced_mixed,100,204800,2.6774828233418573,0.21809772865527322,26.19109848397784
p49,train,balanced_mixed,100,204800,2.755584174775222,0.29619908008863804,25.94066051300615
p50,train,balanced_mixed,100,204800,2.7005313945547376,0.2411462998681535,25.39288595900871
p51,train,balanced_mixed,100,204800,2.9407601652927626,0.48137507060617857,33.606660855934024
p52,train,balanced_mixed,100,204800,2.4662927412940556,0.0069076466074715626,27.121285937028006
p53,train,balanced_mixed,100,204800,2.5688839380840376,0.10949884339745353,26.7991211139597
p54,holdout,balanced_mixed,100,204800,2.626681687566503,0.16729659287991883,31.16550631308928
p55,holdout,balanced_mixed,100,204800,2.780541343475744,0.32115624878916016,34.87191824289039
p56,holdout,balanced_mixed,100,204800,2.9162140389276527,0.4568289442410687,26.681806816952303
p57,holdout,balanced_mixed,100,204800,2.5484392898951778,0.0890541952085937,27.89304765081033
p58,holdout,balanced_mixed,100,204800,2.5714096539793783,0.1120245592927942,33.673278152011335
p59,holdout,balanced_mixed,100,204800,2.7008638778648035,0.24147878317821947,30.689598590135574
p60,holdout,balanced_mixed,100,204800,2.885097296881064,0.42571220219448014,25.15674173994921
p61,holdout,balanced_mixed,100,204800,2.94605305785359,0.4866679631670059,26.5796445668675
p62,holdout,balanced_mixed,100,204800,2.535769267300336,0.07638417261375174,30.065723467851058
p63,holdout,balanced_mixed,100,204800,2.5535113080969376,0.09412621341035354,26.448365817777812
p64,holdout,balanced_mixed,100,204800,2.6179418195426636,0.15855672485607952,26.176279427018017
p65,holdout,balanced_mixed,100,204800,2.6865597238490686,0.22717462916248454,26.18005851795897
p66,holdout,balanced_mixed,100,204800,3.0863211717190366,0.6269360770324526,25.132169898832217
p67,holdout,balanced_mixed,100,204800,2.6239272003725898,0.1645421056860057,29.17302400711924
p68,holdout,balanced_mixed,100,204800,2.6063123673164155,0.1469272726298314,33.48481124918908
p69,holdout,balanced_mixed,100,204800,2.5891136654954265,0.12972857080884248,30.375641721999273
p70,holdout,balanced_mixed,100,204800,2.833163183869096,0.37377808918251176,34.022495223907754
p71,holdout,balanced_mixed,100,204800,2.818048611895274,0.35866351720869005,31.53446817304939
